"uid","name","score","experience","combat","defense","stability","position","annualReturn","goodAt","hoppingRate","workDay"
"30040408","王茜",5.54,10,8.9,3.21,2.7,4.71,5.75,"债券型",8.54,6231
"30039950","杨建华",4.56,9.98,4.33,0.76,5.35,5.65,15.43,"混合型",16.68,6087
"30040233","过钧",7.36,9.96,6.09,6.82,7.68,7.73,10.26,"混合型",7.8,6029
"30036321","魏东",3.35,9.97,0.67,0.16,3.33,8.49,15.5,"混合型",8.21,5996
"30040332","毛从容",6.13,9.98,7.38,6.59,1.62,7.85,7.28,"债券型",15.73,5743
"30037206","杜海涛",4.56,9.95,8.2,1.79,1.28,3.97,6.4,"债券型",7.73,5644
"30040544","朱少醒",5.59,9.97,8.16,1.95,5.02,4.52,23.82,"混合型",15.27,5575
"30037457","毕天宇",4.42,9.91,3.47,1.04,5.93,4.56,12.02,"混合型",14.25,5565
"30040506","张文琍",5.6,9.94,6.45,3.8,4.9,4.57,4.07,"债券型",14.81,5565
"30040459","杨谷",4.59,9.93,3.25,5.3,4.27,1.12,21.14,"混合型",15.01,5477
"30036316","王旭巍",6.12,9.83,6.43,4.44,4.86,7.65,6.38,"债券型",3.51,5433
"30040634","赵航",NaN,9.96,NaN,0,NaN,NaN,4.47,"债券型",7.29,5321
"30040529","郑煜",6.33,9.94,8.83,2.49,7.58,2.86,15.18,"混合型",11.65,5307
"30040436","谢军",6.41,9.89,3.95,3.16,9.73,7.73,5.37,"债券型",13.69,5275
"30044485","许之彦",NaN,NaN,NaN,NaN,NaN,NaN,8.95,"",12.83,5224
"30060264","苏圻涵",6.58,10,5.26,3.51,9.48,6.15,9.51,"QDII",10.43,5224
"30036328","徐荔蓉",5.49,9.92,3.85,5.56,6.25,2.69,22.84,"混合型",4.75,5205
"30040164","曹名长",7.72,9.91,10,5.14,7.86,5.85,18.06,"混合型",7.09,5173
"30040406","王立",6.15,9.86,4.3,8.75,4.86,3.51,6.18,"债券型",11.41,5153
"30040209","董承非",7.3,9.94,9.67,4.28,7.26,6.02,17.23,"混合型",13.98,5128
"30040237","何俊春",5.06,9.91,0.93,4.78,8.11,2.93,3.76,"债券型",14.04,5125
"30040539","周蔚文",6.51,9.72,9.21,4.05,4.41,7.03,25.54,"混合型",6.09,5080
"30037591","应帅",5.06,9.89,8.62,3.78,1.62,2.52,16.92,"混合型",13.79,5034
"30040345","饶刚",5.85,9.9,5.23,6.03,6.01,2.36,8.13,"债券型",6.87,5015
"30038120","阳琨",4.77,9.99,7.36,3.32,1.95,2.87,8.78,"混合型",13.7,5002
"30038091","李琛",3.88,9.87,5.69,1.24,1.39,4.54,18.1,"混合型",13.7,5001
"30040179","陈军",4.35,9.91,2.18,5.53,3.52,2.45,10.9,"混合型",6.68,4985
"30040278","李建",4.5,9.93,8.95,0.91,0.44,5.45,10.98,"债券型",13.51,4931
"30040189","陈少平",4.96,9.86,7.7,2.26,2.39,5.11,2.8,"混合型",4.49,4922
"30037860","严菲",3.99,9.85,5.94,3.85,0.85,0.81,24.49,"混合型",6.7,4889
"30040987","李菁",6.22,9.88,8.14,3.28,4.63,7.79,3.78,"债券型",13.32,4858
"30038277","邹曦",3.86,9.84,0.38,4.29,5.14,1.41,23.07,"混合型",13.21,4823
"30041301","曲波",8.5,9.96,8.93,9.53,8.37,6.43,3.21,"货币型",13.1,4782
"30041150","梅律吾",4.7,9.88,4.85,4.92,1.55,5.26,14.84,"指数型",13.04,4759
"30043115","钱睿南",6.65,9.74,5.23,5.09,8.81,5.22,8.33,"混合型",12.31,4742
"30042301","陆文磊",6.51,9.85,5.64,8.73,4.29,4.88,4.86,"债券型",12.97,4734
"30043326","张军",4.51,9.74,4.74,2.03,5.34,2.09,5.55,"QDII",12.96,4732
"30043465","刘自强",3.48,9.82,3.02,0.69,3.5,3.58,1.03,"混合型",12.93,4721
"30042300","程洲",NaN,9.9,NaN,8.5,5.69,1.12,16.73,"股票型",11.89,4706
"30036319","付浩",NaN,9.82,NaN,8.96,NaN,NaN,4.36,"混合型",12.87,4699
"30043456","贺涛",3.07,9.76,1.8,0.86,3.34,2.83,4.98,"债券型",12.23,4679
"30038036","闫旭",4.7,10,6.07,1.14,5.12,2.95,2.83,"混合型",6.39,4667
"30038974","史博",6.27,9.8,7.2,2.46,6.12,8.81,18.23,"混合型",6.39,4665
"30060263","杨明",6.22,9.79,8.52,4.48,4.43,5.14,18.16,"混合型",7.72,4642
"30042249","倪明",2.48,9.79,2.03,0.37,1.65,1.96,11.84,"混合型",6.34,4630
"30039171","何旻",NaN,9.65,NaN,9.59,3.79,8.79,4.48,"QDII",4.22,4624
"30040546","朱志权",2.77,9.85,0.75,0.56,2.43,4.8,6.14,"混合型",12.66,4620
"30038872","邹唯",6.52,9.77,4.48,7.01,7.22,4.93,23.36,"混合型",6.25,4566
"30042940","吴达",6.05,9.76,6.83,6.54,3.47,4.96,16.66,"混合型",12.37,4518
"30047200","刘怡敏",5.6,9.8,6.57,5.64,1.32,7.91,5.5,"债券型",12.33,4502
"30036322","刘明",NaN,9.75,NaN,6.58,NaN,NaN,16.73,"混合型",6.16,4494
"30040363","史向明",NaN,9.88,NaN,0.36,9.04,NaN,3.92,"货币型",6.15,4486
"30047657","李轶",5.74,9.78,9.88,4.88,2.33,1.98,7.49,"债券型",12.28,4483
"30040926","陈鹏",4.68,9.6,3.68,8.16,0.79,2.58,10.08,"混合型",5.52,4413
"30048530","黎颖芳",7.12,9.75,5.47,6.84,7.43,7.75,4.47,"债券型",12.01,4384
"30040375","索峰",NaN,NaN,NaN,NaN,NaN,NaN,9.71,"QDII",5.99,4376
"30043274","欧阳凯",7.51,9.6,6.51,6.86,9.8,4.11,7.85,"债券型",5.99,4372
"30045022","曾刚",4.02,9.74,4.36,0.89,2.11,7.69,7.12,"债券型",3.98,4356
"30040245","胡振仓",7.9,9.73,8,4.93,9.05,9.53,4.89,"债券型",3.93,4315
"30042957","刘彦春",4.71,9.8,8.45,2.69,0.88,3.84,29.57,"混合型",5.91,4313
"30049770","胡戈游",6.03,9.7,3.64,5.38,9.09,2.3,10.97,"混合型",11.75,4287
"30050008","柳军",8.05,9.85,3.75,9.84,7.11,8.88,9.99,"指数型",11.72,4279
"30042438","黄亮",2.88,9.91,3.95,0.41,1.21,1.98,4,"QDII",11.66,4256
"30040512","张娅",NaN,9.71,NaN,3.1,NaN,NaN,12,"债券型",5.83,4253
"30050861","张弘弢",NaN,9.7,NaN,5.1,1.15,8.82,10.05,"债券型",11.62,4243
"30045198","曾国富",4.21,9.68,6.38,0.45,2.79,4.72,15.5,"混合型",11.59,4231
"30048002","蔡宾",NaN,9.66,NaN,1.3,NaN,NaN,3.06,"债券型",11.55,4222
"30040277","李家春",4.08,9.69,6.49,1.64,1.03,4.65,9.45,"债券型",3.85,4221
"30048419","苏玉平",5.46,9.65,2.33,3.09,8.92,5.33,6.26,"债券型",5.63,4220
"30051822","赵晓东",9.16,9.87,9.85,8.55,8.54,9.5,13.69,"股票型",11.47,4188
"30040525","郑可成",5.13,9.84,4.42,1.42,7.94,3.62,5.19,"债券型",5.7,4174
"30053345","孟晨波",4.02,9.84,0.24,8.34,0.67,3.9,2.69,"货币型",11.44,4174
"30052601","张原",5.36,9.61,7.27,6,0.91,4.88,16.36,"股票型",11.41,4166
"30052616","徐林明",5.29,9.54,3.23,4.26,3.45,8.82,11.29,"指数型",11.4,4162
"30053299","梁洪昀",4.74,9.08,6.1,5.39,2.54,2.17,11.31,"指数型",9.55,4125
"30050178","胡涛",4.72,9.65,7.45,2.92,1.56,4.22,24.28,"混合型",5.65,4122
"30054768","吕慧建",3.07,9.65,1.9,0.86,2.3,4.8,16.19,"混合型",11.26,4111
"30054653","顾耀强",4.45,9.64,3.75,1.28,6.37,3.15,16.58,"混合型",11.17,4078
"30055839","李笑薇",7.31,9.73,8.53,8.45,5.07,5.86,8.23,"指数型",11.17,4077
"30055955","游凛峰",7.37,9.39,9.21,5.41,8.97,2.42,11.05,"QDII",10.14,4074
"30054615","罗博",NaN,9.63,NaN,6.22,4.73,0.81,9.91,"混合型",11.16,4072
"30048753","姚锦",5.8,9.62,6.23,6.18,3.56,4.87,19.56,"混合型",5.58,4070
"30056227","冯波",4.31,8.6,5.73,2.68,2.65,3.78,22.66,"混合型",11.15,4069
"30056226","周欣",4.44,9.12,2.89,4.86,0.52,9.89,7.91,"QDII",10.16,4069
"30047073","陈若劲",4.78,9.64,3.14,2.4,6.97,3.59,6.56,"债券型",5.57,4067
"30056566","韩晶",6.04,9.63,8.37,3.14,4.39,6.88,6.82,"债券型",11.11,4055
"30048332","傅鹏博",5.68,9.6,7.59,1.9,6.15,4.52,25.91,"混合型",5.54,4047
"30057297","王栩",8.13,9.82,8.84,9.51,5.43,7.68,19.38,"股票型",11.05,4032
"30057296","吴振翔",7.39,9.65,3.38,9.03,6.06,8.55,11.63,"指数型",11.05,4032
"30050883","周鸣",4.79,9.61,7.21,3.97,1.99,2.38,5.14,"债券型",5.52,4031
"30056329","闾志刚",4.81,9.58,6.95,0.42,3.81,6.51,10.71,"混合型",11.04,4028
"30057702","刘俊",5.19,9.57,1.42,4.63,7.37,5.13,11.34,"混合型",10.98,4007
"30057703","许定晴",4.68,9.5,3.81,3.05,3.82,6.55,17.77,"混合型",10.47,4007
"30057836","邹新进",NaN,7.54,7.35,5.1,6.83,NaN,13.97,"债券型",6.02,4004
"30057450","张胜记",5.83,9.3,5,1.22,8.28,8.35,4.28,"QDII",10.12,3981
"30059033","吴勇",3.43,8.84,6.82,0.2,1.59,1.4,12.58,"混合型",8.41,3964
"30058026","黄欣",7.53,9.58,0.59,8.95,7.82,9.01,10.79,"指数型",10.86,3963
"30059214","綦缚鹏",7,9.49,6.78,6.51,8.67,2.56,6.9,"混合型",10.42,3956
"30059395","温秀娟",7.38,9.8,5,8.89,6,8.43,2.82,"货币型",10.82,3950
"30058432","周毅",NaN,NaN,NaN,NaN,8.66,NaN,-3.26,"指数型",8.09,3942
"30056788","龚炜",3.82,9.37,3.47,0.46,4.86,3.61,8.01,"混合型",4.95,3935
"30059051","奚鹏洲",6.79,9.59,8.08,3.73,7.06,6.98,6.16,"债券型",10.77,3930
"30060238","余广",4.02,9.56,6.64,1.69,0.68,4.55,20.86,"混合型",10.74,3920
"30054195","刘斌",7.13,9.74,7.65,3.26,9.79,5.87,5.56,"股票型",5.36,3913
"30059748","王平",5.22,9.72,2.21,2.8,7.29,7.4,7.75,"股票型",10.67,3896
"30060933","赵滔滔",3.84,9.76,0.89,3.79,2.37,5.34,1.82,"货币型",9.45,3895
"30040392","王春",3.48,9.53,1.05,4.47,0.96,5.31,23.41,"混合型",5.28,3854
"30061219","张永志",3.9,9.56,7.85,0.17,0.61,4.34,4.97,"债券型",10,3848
"30058304","崔建波",6.43,9.48,8.91,4.21,4.15,7.39,9.14,"混合型",5.27,3846
"30050037","李飞",2.97,9.44,4.59,0.66,1.08,1.69,3.12,"债券型",4.67,3838
"30040414","王筱苓",6.62,9.69,5.59,7.1,4.51,8.84,21.4,"股票型",10.5,3832
"30059687","聂曙光",6.93,9.44,1.97,9.09,8.09,7.7,4.29,"混合型",5.09,3824
"30040976","韩海平",5.41,9.55,3.47,5.45,6.28,3.29,7.89,"债券型",2.73,3812
"30062210","翁启森",4.09,9.64,2.35,2.95,4.58,3.31,8.07,"股票型",10.43,3807
"30064073","李璇",7.43,9.54,5.35,9.14,8.38,4.19,4.56,"债券型",10.41,3804
"30055337","陆欣",6.35,9.46,7.73,7.55,1.62,7.56,3.72,"债券型",3.37,3798
"30051450","牛勇",NaN,9.66,NaN,4.46,1.14,1.87,15.91,"混合型",5.19,3792
"30038667","何肖颉",3.22,9.92,2.28,2.38,0.56,5.41,16.27,"股票型",5.19,3788
"30040309","刘静",3.67,9.72,2.83,4.66,1.93,2.25,6.66,"货币型",5.16,3772
"30064163","申庆",NaN,9.51,NaN,3.43,2.2,NaN,10.87,"债券型",10.31,3763
"30061388","张琦",6.3,9.62,9.41,1.76,4.38,9.71,23.26,"股票型",5.15,3763
"30049498","王品",5.76,9.59,2.31,4.77,7.08,8.14,13.14,"股票型",5.14,3752
"30041094","于海颖",5.95,9.49,8,5.12,4.43,3.02,4.33,"债券型",3.41,3738
"30065466","陈士俊",5.48,9.38,5.44,5.74,4.51,3.03,14.68,"指数型",10.21,3725
"30061544","王克玉",8.28,9.46,9.96,7.08,7.41,7.84,36.79,"混合型",5.1,3724
"30061866","朱丹",5.3,9.45,8.83,4.89,1.78,1.92,6.51,"混合型",5.1,3721
"30040370","孙鲁闽",6.68,9.71,3.89,7.15,8.35,4.98,8.03,"混合型",10.19,3721
"30066292","王宗合",3.31,9.42,0.42,0.32,4.49,6.56,22.15,"混合型",10.16,3707
"30040249","黄瑞庆",NaN,9.57,NaN,8.65,NaN,NaN,6.44,"股票型",2.54,3706
"30047220","吴丰树",6.68,9.42,6.65,6.09,7.2,4.11,12.62,"混合型",3.38,3704
"30063821","王少成",5.27,9.41,5.54,1.83,7.16,3.66,10.77,"混合型",5.07,3700
"30057445","张少华",NaN,9.45,NaN,1.63,NaN,NaN,7.77,"混合型",0.58,3698
"30067891","何秀红",6.81,9.45,5.06,6.05,9.16,4.5,6.08,"债券型",10.04,3663
"30069488","王保合",6.9,9.27,3.01,9.07,5.28,7.3,8.16,"指数型",9.98,3642
"30069893","白洁",4.87,9.34,0.58,4.71,7.23,4.55,4.18,"债券型",9.94,3628
"30070384","叶松",5.54,9.37,8.1,3.41,2.03,7.9,11.32,"混合型",9.91,3616
"30052841","王健",8.3,9.35,9.36,5.78,9.23,8.27,26.48,"混合型",4.95,3610
"30070935","张峰",5.99,9.34,7.2,2.52,5.4,8.33,25.45,"混合型",9.87,3602
"30067732","郭晨",3.58,9.32,5.15,0.26,2.36,3.78,16.74,"混合型",4.92,3595
"30064895","周心鹏",3.83,9.34,0.42,2.01,6.11,4.25,14.48,"混合型",4.92,3595
"30071364","魏欣",7.5,9.18,6.62,7.04,7.74,8.04,3.74,"混合型",9.33,3594
"30062366","谢志华",4.96,9.43,5.41,1.84,5.44,4.9,4.84,"债券型",4.92,3592
"30065459","彭敢",4.4,9.32,8.82,1.96,0.9,2.52,16.81,"混合型",4.89,3591
"30072182","乐育涛",6.71,8.77,7.37,4.73,5.69,9.34,2.8,"QDII",9.79,3573
"30072180","徐幼华",NaN,9.31,NaN,8.36,NaN,NaN,8.18,"混合型",9.78,3571
"30071658","陆志明",8.4,9.12,6.25,8.29,9.86,7.11,4.31,"指数型",9.73,3550
"30054245","胡伟",6.88,9.4,6.34,5.57,7.59,6.63,5.77,"债券型",4.86,3547
"30061323","吴印",3.21,9.29,1.9,3.59,0.97,3.45,21.14,"混合型",3.23,3537
"30061107","华志贵",8.16,9.39,8.73,9.39,5.34,8.95,2.15,"债券型",4.83,3529
"30075269","李栋梁",4.14,9.18,4.19,1.32,5.14,2.62,6.86,"债券型",8.93,3525
"30079450","陶灿",5.19,9.29,7.68,0.87,4.47,6.15,26.79,"混合型",9.62,3512
"30079449","邱宇航",6.29,9.29,8.28,3.6,7.66,1.97,13,"混合型",9.62,3512
"30079451","冯雨生",NaN,9.39,NaN,7.53,NaN,NaN,3.8,"股票型",9.62,3512
"30079448","姜锋",5.5,9.27,9.08,3.9,3,2.74,18.37,"混合型",9.62,3511
"30045199","戴奇雷",6.99,9.27,7.81,5.89,5.83,7.62,8.89,"混合型",4.81,3511
"30074106","杜猛",3.59,9.25,4.98,0.08,1.58,6.22,19.66,"混合型",9.62,3510
"30079581","梁浩",5.5,9.21,6.89,4.84,3.18,4.93,24.07,"混合型",9.42,3509
"30057541","钟光正",7.02,9.36,7.03,8.55,6.07,3.48,6.35,"债券型",4.79,3496
"30075339","代宇",7.02,9.35,9.71,5.71,6.28,3.41,5.9,"债券型",9.55,3487
"30131213","王晓晨",5.94,9.33,9.07,2.48,4.73,5.6,5.57,"债券型",9.53,3477
"30132083","冉凌浩",NaN,9.04,NaN,1.63,8.39,NaN,12.99,"指数型",9.5,3466
"30131310","李巍",4.5,9.22,6.9,0.31,4.02,4.34,18.34,"混合型",9.43,3441
"30134062","周大鹏",NaN,9.31,NaN,0.47,5,NaN,6.37,"股票型",9.41,3435
"30046790","徐小勇",7.37,9.2,8.76,6.9,6.7,5.05,54.7,"混合型",4.69,3427
"30135006","张杨",3.68,9.2,6.53,0.63,0.61,4.71,22.1,"混合型",9.37,3421
"30136170","赵栩",NaN,NaN,NaN,NaN,NaN,NaN,15.2,"",9.35,3413
"30136174","邹德立",8.71,9.6,7.5,8.42,9.33,9.16,3.31,"货币型",9.35,3412
"30075270","桂跃强",7.51,9.18,9.12,4.17,8.44,7.42,14.5,"混合型",4.66,3403
"30074226","董晗",NaN,9.15,NaN,5.67,3.03,6.1,11.05,"债券型",4.65,3398
"30044540","王忠波",3.9,9.17,0.38,2.87,7.54,0.42,20.97,"混合型",2.32,3389
"30137813","李媛媛",6.48,9.53,0,5.14,9.7,9.56,2.53,"货币型",9.28,3388
"30133443","王景",7.14,9.18,6.41,9.79,7.24,1.08,16.51,"股票型",9.28,3387
"30137817","宋青",NaN,9.17,NaN,2.65,NaN,NaN,0.65,"混合型",9.28,3386
"30137860","陈昕",4.68,9.49,1.43,9.45,4.44,1,3.25,"货币型",9.27,3385
"30066753","余海燕",7.36,8.92,0.96,9.22,7.54,8.09,12.61,"指数型",4.63,3383
"30139227","黄安乐",4.54,9.15,6.11,0.19,5.76,3.02,10.57,"混合型",9.25,3377
"30140867","孙芳",3.54,9.13,5.44,0.59,1.36,4.38,17.18,"混合型",9.21,3362
"30053793","戴钢",4.8,9.23,7.79,1.23,4.19,2.75,6.9,"债券型",9.21,3362
"30062415","杨鹏",5.12,8.44,6.31,3.06,6.11,1.55,14.42,"混合型",3.71,3360
"30040527","郑晓辉",3.69,9.11,4.99,2.25,2.2,1.53,11.12,"混合型",4.6,3357
"30075266","章旭峰",3.02,9.1,5.3,1.1,0.71,0.81,23.19,"混合型",4.59,3352
"30142281","伍旋",6.44,8.79,9.4,6.23,5.22,0.99,11.33,"混合型",9.16,3342
"30079452","杨成",7.24,9.1,2.34,9.07,8.61,8.74,10.58,"混合型",4.56,3328
"30158275","苏秉毅",5.93,8.53,9.16,3.55,2.74,7.99,11.33,"混合型",9.04,3299
"30060121","李坤元",5.37,9.1,6.78,1.56,7.76,1.69,13.4,"混合型",1.62,3298
"30037948","汪晖",NaN,9.01,NaN,6.25,NaN,NaN,5.96,"混合型",4.52,3296
"30133215","宋炳珅",6.31,9.16,5.22,5.8,6.88,5.5,9.4,"股票型",9.02,3294
"30156331","董山青",4.55,9.7,2.09,1.45,8.42,2.76,9.36,"混合型",9,3286
"30070859","张靖",7.66,9.08,9.5,5.73,8.39,4.97,13.85,"混合型",4.5,3283
"30159168","胡剑",6.95,9.19,9.48,4.07,8.21,2.85,6.28,"债券型",8.98,3279
"30157009","杨永光",7.43,9.08,3.38,9.32,8.8,7.36,9.2,"混合型",8.98,3279
"30159644","汤海波",6.66,8.33,5.79,8.24,4.14,8.57,20.19,"QDII",8.96,3269
"30070040","刘辉",3.69,9.06,4.93,0.08,1.84,6.76,26.29,"混合型",2.98,3266
"30161722","叶乐天",NaN,9.04,NaN,4.77,9.12,3.95,15.28,"混合型",8.93,3258
"30037628","沈雪峰",7.49,9.04,9.71,2.66,8.88,8.38,42.14,"混合型",2.98,3256
"30043844","吴战峰",3.5,9.03,6.34,0.81,0.55,3.6,13.36,"混合型",2.97,3253
"30163518","吴昊",3.66,9.01,2.8,1.84,3.94,3.12,15.19,"混合型",8.87,3237
"30165678","张睿",6.05,9.15,9.69,3.43,4.32,4.38,4.86,"债券型",8.82,3221
"30140597","胡永青",4.03,9.14,4.71,1.45,3.01,4.73,5.44,"债券型",4.4,3211
"30142282","刘苏",5.02,8.97,9.58,3,1,4,32.48,"混合型",4.38,3195
"30068797","尤柏年",NaN,NaN,NaN,NaN,NaN,NaN,9.12,"",4.37,3192
"30058771","黄万青",5.17,8.65,4.11,6.55,1.8,7.76,3.92,"混合型",7.95,3190
"30165005","江科宏",4.76,8.02,5.06,2.39,4.59,5.94,9.95,"混合型",6.55,3175
"30069931","王智慧",5.73,8.95,8.37,4.12,3.65,4.62,17.8,"混合型",4.33,3162
"30176370","郑青",5.64,9.45,3.69,6.6,6.3,4.06,5.32,"货币型",8.65,3158
"30176884","郭锐",5.97,8.93,6.28,3.03,9.13,1.95,18.5,"混合型",8.62,3147
"30177040","薛琳",6.46,8.93,5.12,2.5,9.7,8.07,8.46,"混合型",8.62,3146
"30159203","车广路",2.46,8.92,0.93,1.74,0.19,5.03,12.7,"混合型",4.31,3145
"30156082","杨岳斌",5.07,8.91,7.99,1.49,4.88,2.95,20.86,"混合型",4.3,3142
"30133951","陈钢",8.91,8.81,7.99,9.85,8.92,8.96,7.34,"混合型",9.47,3141
"30177032","谭昌杰",7.47,8.91,5.67,9.29,7.8,5.34,6.37,"混合型",8.6,3138
"30170018","夏晨曦",8.01,9.41,8.21,9.72,7.26,6.14,3.43,"货币型",8.59,3137
"30161286","付娟",3.65,8.83,2.78,2.03,3.27,4.18,23.72,"混合型",4.28,3127
"30165669","方磊",6.39,8.46,7.28,2.79,9.3,4.8,11.74,"指数型",8.56,3125
"30180744","宋永安",5.45,8.89,8.43,4.78,2.95,2.37,10.55,"混合型",8.56,3123
"30180540","姜晓丽",5.97,9.08,7.44,3.75,6.35,3.6,6.13,"债券型",8.56,3123
"30060003","朱虹",4.56,9.06,0.39,1.4,7.74,8.37,2.62,"债券型",2.85,3119
"30075368","李达夫",4.74,9.37,2.67,7.19,4.96,1.81,3.64,"货币型",4.27,3119
"30071232","董元星",5.04,9.04,3.84,7.01,3.11,3.33,4.78,"债券型",4.27,3118
"30181039","王登峰",6.01,9.33,0.95,10,2.22,9.2,2.98,"货币型",8.54,3118
"30182148","刘欣",5.54,8.85,6.06,4.42,6.07,2.88,20.62,"指数型",9.21,3112
"30164237","魏博",3.47,9.37,3.66,2.2,1.06,4.57,19.43,"混合型",8.52,3111
"30176879","蔡目荣",5.17,8.81,8.87,2.88,2.53,3.96,15.72,"混合型",8.38,3105
"30179659","刘太阳",4.48,8.93,2.44,3.36,3.61,8.1,2.82,"债券型",8.19,3092
"30185328","马君",NaN,8.84,NaN,2.55,0.39,NaN,13.27,"混合型",8.41,3091
"30070771","刘朝阳",8.02,9.29,9.4,9.84,5.11,7.11,3.35,"货币型",2.68,3076
"30136523","刘元海",5.29,8.86,8.24,0.93,4.76,5.59,24.3,"混合型",8.41,3071
"30036857","陈国光",2.79,8.86,1.21,2.17,2.16,2.35,12.38,"混合型",4.21,3071
"30189744","张坤",6.29,8.83,7.02,3.06,9.04,3.27,28.8,"混合型",8.4,3067
"30189741","萧楠",4.43,8.39,4.58,1.61,2.55,9.54,29.14,"混合型",7.26,3067
"30189737","陈皓",4.65,8.83,6.36,3.19,2.62,3.99,21.97,"混合型",8.4,3067
"30189730","郑希",4.58,8.83,3.6,5.13,3.46,3.4,15.82,"混合型",8.4,3067
"30069306","宋德舜",NaN,8.8,NaN,6.19,NaN,NaN,23.07,"混合型",8.32,3056
"30177085","袁宜",6.87,9.37,4.52,6.84,8.76,5.33,15.27,"混合型",8.36,3053
"30181575","余志勇",5.35,8.73,3.92,6.62,3.28,6.4,7.89,"债券型",7.74,3053
"30191326","胡洁",6.23,8.27,2.79,9.11,4.93,4.47,18.06,"指数型",8.35,3049
"30165688","周健",4.03,8.38,2.13,1.24,6.8,1.64,12.39,"指数型",8.5,3047
"30176255","周雪军",6.17,8.81,8.41,3.34,4.83,7.41,23.73,"混合型",4.17,3046
"30141534","桑迎",7.09,9.25,8.33,7.47,4.59,6.87,3,"货币型",4.16,3037
"30195060","赖中立",4.96,7.98,0.26,7.3,7.41,1.76,2.74,"QDII",8.31,3033
"30136277","魏军",5.82,8.15,8.99,7.98,0.54,6.53,13.04,"指数型",4.15,3026
"30164013","赵云阳",NaN,NaN,NaN,NaN,NaN,NaN,9.19,"",8.28,3021
"30196298","谷衡",NaN,NaN,NaN,NaN,NaN,NaN,NaN,"",NaN,3021
"30164255","张凯",NaN,9.35,NaN,7.05,7.39,NaN,21.8,"指数型",10.8,3020
"30196301","魏晓雪",NaN,NaN,NaN,NaN,NaN,NaN,NaN,"",NaN,3019
"30073914","王培",NaN,8.77,7.09,3.67,5.7,NaN,32.67,"混合型",4.12,3010
"30196303","石大怿",NaN,NaN,NaN,NaN,NaN,NaN,NaN,"",NaN,3008
"30053934","陈凯杨",5.15,8.96,4.13,5.56,4.12,4.61,3.99,"债券型",8.21,2998
"30106034","任爽",NaN,NaN,NaN,NaN,NaN,NaN,NaN,"",NaN,2992
"30159178","张芊",5.54,8.21,9.3,1.67,4.93,4.32,7.96,"债券型",7.5,2990
"30164243","卢轶乔",4.07,9.15,0.38,2.08,7.08,4.29,10.75,"混合型",8.17,2983
"30164252","神玉飞",4.76,9.15,3.07,4.62,3.79,5.94,21.56,"混合型",8.17,2983
"30069921","孙蓓琳",6.67,8.75,8.9,3.52,6.77,6.23,25.21,"混合型",4.09,2983
"30105820","陈建华",NaN,NaN,NaN,NaN,NaN,NaN,NaN,"",NaN,2982
"30131775","蔡铮",4.59,8.95,6.67,2.84,2.41,3.96,12.17,"QDII",8.15,2977
"30170849","李杰",7.07,8.9,5.29,9,5.32,8.47,3.55,"债券型",4.06,2966
"30197761","彭海平",NaN,NaN,NaN,NaN,NaN,NaN,NaN,"",NaN,2965
"30070812","刘建岩",7.9,9.09,9.01,8.53,6.73,5.58,4.42,"债券型",4.04,2962
"30097442","曾鹏",NaN,NaN,NaN,NaN,NaN,NaN,NaN,"",NaN,2955
"30198157","魏桢",NaN,NaN,NaN,NaN,NaN,NaN,NaN,"",NaN,2945
"30198031","谢治宇",NaN,NaN,NaN,NaN,NaN,NaN,NaN,"",NaN,2944
"30272025","张凯瑜",NaN,NaN,NaN,NaN,NaN,NaN,NaN,"",NaN,2944
"30282114","李君",NaN,NaN,NaN,NaN,NaN,NaN,NaN,"",NaN,2942
"30198131","程琨",NaN,NaN,NaN,NaN,NaN,NaN,NaN,"",NaN,2937
"30040221","傅友兴",7.92,9.72,7.74,7.19,9.99,3.83,17.93,"混合型",8.05,2937
"30176648","于启明",NaN,8.85,NaN,4.36,NaN,NaN,4.97,"债券型",4.01,2928
"30198307","徐艳芳",NaN,NaN,NaN,NaN,NaN,NaN,NaN,"",NaN,2917
"30072562","黄纪亮",NaN,NaN,NaN,NaN,NaN,NaN,NaN,"",NaN,2916
"30189735","郑迎迎",4.62,8.81,4.07,1.74,4.8,6.94,7.16,"债券型",3.99,2914
"30137549","唐俊杰",7.98,8.8,7.27,7.35,9.68,6.41,5.92,"债券型",3.99,2913
"30198173","刘宁",NaN,NaN,NaN,NaN,NaN,NaN,NaN,"",NaN,2906
"30198442","董阳阳",NaN,NaN,NaN,NaN,NaN,NaN,NaN,"",NaN,2903
"30192538","郭杰",2.58,8.9,0.13,3.21,0,5.03,19.24,"股票型",7.95,2901
"30164168","陈学林",4.37,7.81,0.79,2.57,8.79,2.86,-1.23,"QDII",7.93,2895
"30059042","张志强",5.73,8.04,5.37,3.22,7.61,5.07,12.58,"指数型",7.93,2893
"30178536","谈洁颖",6.43,8.67,5.88,4.09,7.89,7.02,11.91,"混合型",3.96,2893
"30135982","蔡奕奕",6.62,8.89,7.86,8.81,5.04,3.65,3.9,"货币型",3.95,2887
"30137090","王超",6.88,8.82,7.35,4.59,7.99,6.35,3.31,"混合型",3.95,2883
"30106590","徐猛",NaN,NaN,NaN,NaN,NaN,NaN,NaN,"",NaN,2875
"30199171","杨柯",NaN,NaN,NaN,NaN,NaN,NaN,NaN,"",NaN,2867
"30057956","王咏辉",NaN,8.64,NaN,6.85,NaN,NaN,15.74,"混合型",2.61,2862
"30163568","罗文杰",8.69,9.31,5.74,9.77,8.8,8.62,8.3,"指数型",7.84,2861
"30198937","吴向军",NaN,NaN,NaN,NaN,NaN,NaN,NaN,"",NaN,2857
"30196299","贲兴振",NaN,NaN,NaN,NaN,NaN,NaN,NaN,"",NaN,2856
"30159423","王超",NaN,NaN,NaN,NaN,NaN,NaN,NaN,"",NaN,2856
"30199875","毛颖",NaN,NaN,NaN,NaN,NaN,NaN,NaN,"",NaN,2840
"30197370","张一格",NaN,NaN,NaN,NaN,NaN,NaN,NaN,"",NaN,2833
"30200192","苏谋东",NaN,NaN,NaN,NaN,NaN,NaN,NaN,"",NaN,2824
"30285654","钱文成",NaN,NaN,NaN,NaN,NaN,NaN,NaN,"",NaN,2819
"30200417","王磊",NaN,NaN,NaN,NaN,NaN,NaN,NaN,"",NaN,2815
"30158277","陶铄",6.26,8.69,2.79,7.84,7.53,5.06,3.31,"债券型",3.86,2815
"30199643","张自力",4.92,8.99,2.91,6.64,3.18,4.92,4.25,"债券型",8.19,2808
"30200459","周晶",NaN,NaN,NaN,NaN,NaN,NaN,NaN,"",NaN,2804
"30047775","张迎军",7.33,8.57,6.5,7.39,9.42,3.41,35.49,"混合型",3.82,2791
"30042955","征茂平",NaN,9.82,NaN,6.08,2.07,6.48,11.2,"QDII",7.59,2770
"30069125","庄园",NaN,NaN,NaN,NaN,NaN,NaN,NaN,"",NaN,2768
"30292544","宫雪",NaN,NaN,NaN,NaN,NaN,NaN,NaN,"",NaN,2766
"30201043","王晓宁",NaN,NaN,NaN,NaN,NaN,NaN,NaN,"",NaN,2762
"30201072","叶瑜珍",NaN,NaN,NaN,NaN,NaN,NaN,NaN,"",NaN,2762
"30197530","田汉卿",NaN,NaN,NaN,NaN,NaN,NaN,NaN,"",NaN,2759
"30201127","于倩倩",NaN,NaN,NaN,NaN,NaN,NaN,NaN,"",NaN,2756
"30201130","李博涵",NaN,NaN,NaN,NaN,NaN,NaN,NaN,"",NaN,2756
"30200813","邹维娜",NaN,NaN,NaN,NaN,NaN,NaN,NaN,"",NaN,2754
"30201169","陈立",NaN,NaN,NaN,NaN,NaN,NaN,NaN,"",NaN,2746
"30201386","郑伟",NaN,NaN,NaN,NaN,NaN,NaN,NaN,"",NaN,2745
"30200977","陈富权",NaN,NaN,NaN,NaN,NaN,NaN,NaN,"",NaN,2740
"30199302","曹晋",NaN,NaN,NaN,NaN,NaN,NaN,NaN,"",NaN,2739
"30200832","鄢耀",NaN,NaN,NaN,NaN,NaN,NaN,NaN,"",NaN,2735
"30200831","王君正",NaN,NaN,NaN,NaN,NaN,NaN,NaN,"",NaN,2735
"30201631","陈轶平",NaN,NaN,NaN,NaN,NaN,NaN,NaN,"",NaN,2732
"30131315","李仆",6.91,8.34,8.59,5.33,8.99,1.1,7.98,"混合型",2.37,2723
"30201885","纪玲云",NaN,NaN,NaN,NaN,NaN,NaN,NaN,"",NaN,2716
"30201905","张慧",NaN,NaN,NaN,NaN,NaN,NaN,NaN,"",NaN,2714
"30064759","邓欣雨",5.14,9.5,5.17,0.25,6.23,8.31,5.67,"债券型",7.41,2705
"30202049","赵建",NaN,NaN,NaN,NaN,NaN,NaN,NaN,"",NaN,2704
"30202050","殷瑞飞",NaN,NaN,NaN,NaN,NaN,NaN,NaN,"",NaN,2704
"30200305","杨鑫鑫",NaN,NaN,NaN,NaN,NaN,NaN,NaN,"",NaN,2697
"30131083","孔学兵",2.7,8.68,0.21,0.3,2.37,7.19,2.03,"混合型",2.46,2695
"30272179","李敏",NaN,NaN,NaN,NaN,NaN,NaN,NaN,"",NaN,2690
"30202054","闫沛贤",NaN,NaN,NaN,NaN,NaN,NaN,NaN,"",NaN,2679
"30272725","宋海娟",NaN,NaN,NaN,NaN,NaN,NaN,NaN,"",NaN,2672
"30201219","黎海威",NaN,NaN,NaN,NaN,NaN,NaN,NaN,"",NaN,2671
"30198507","崔俊杰",NaN,NaN,NaN,NaN,NaN,NaN,NaN,"",NaN,2668
"30272978","王朔",NaN,NaN,NaN,NaN,NaN,NaN,NaN,"",NaN,2658
"30198132","曲扬",NaN,NaN,NaN,NaN,NaN,NaN,NaN,"",NaN,2654
"30066081","关子宏",5.83,7.28,5.33,7.84,4.48,4.07,4.64,"QDII",7.24,2643
"30275367","范静",NaN,NaN,NaN,NaN,NaN,NaN,NaN,"",NaN,2636
"30275467","王海华",NaN,NaN,NaN,NaN,NaN,NaN,NaN,"",NaN,2635
"30279403","周晶",NaN,NaN,NaN,NaN,NaN,NaN,NaN,"",NaN,2633
"30275721","刘斌",NaN,NaN,NaN,NaN,NaN,NaN,NaN,"",NaN,2629
"30297284","王洋",NaN,NaN,NaN,NaN,NaN,NaN,NaN,"",NaN,2629
"30276097","陈建良",NaN,NaN,NaN,NaN,NaN,NaN,NaN,"",NaN,2629
"30273557","许娅",NaN,NaN,NaN,NaN,NaN,NaN,NaN,"",NaN,2621
"30075384","张清华",4.52,8.44,9.59,1.59,0.78,3.82,16.36,"债券型",7.17,2616
"30276613","王超",NaN,NaN,NaN,NaN,NaN,NaN,NaN,"",NaN,2612
"30276611","向霈",NaN,NaN,NaN,NaN,NaN,NaN,NaN,"",NaN,2612
"30053298","卓若伟",6.48,8.87,6.14,10,1.13,8.46,7.48,"混合型",1.66,2611
"30276903","柳万军",NaN,NaN,NaN,NaN,NaN,NaN,NaN,"",NaN,2608
"30184620","林材",NaN,8.36,NaN,2.75,8.21,6.72,18.21,"混合型",3.57,2605
"30194124","杨衡",6.91,8.36,5.52,7.61,6.25,8.14,9.3,"混合型",7.14,2605
"30277862","艾小军",NaN,NaN,NaN,NaN,NaN,NaN,NaN,"",NaN,2595
"30277939","彭海伟",NaN,NaN,NaN,NaN,NaN,NaN,NaN,"",NaN,2591
"30043009","钟鸣远",5.29,8.36,7.33,2.45,3.47,7.48,4.87,"债券型",3.55,2590
"30276858","黄力",NaN,NaN,NaN,NaN,NaN,NaN,NaN,"",NaN,2588
"30086607","姚航",NaN,NaN,NaN,NaN,NaN,NaN,NaN,"",NaN,2588
"30185774","蒋秀蕾",4.79,8.31,2.77,1.12,8.45,5.32,30.89,"混合型",7.08,2585
"30073974","万莉",2.56,8.22,1.09,2.61,1.3,2.41,2.98,"货币型",2.36,2585
"30164232","孙琳",4.27,9.3,4.02,2.17,4.41,3.65,15.07,"混合型",7.07,2580
"30158836","刘波",6.52,8.31,9.59,1.74,8.64,3.91,7.66,"债券型",2.36,2580
"30197296","蒋文玲",NaN,NaN,NaN,NaN,NaN,NaN,NaN,"",NaN,2577
"30201644","腊博",NaN,NaN,NaN,NaN,NaN,NaN,NaN,"",NaN,2576
"30281714","潘明",NaN,NaN,NaN,NaN,NaN,NaN,NaN,"",NaN,2562
"30163941","徐彦",7.08,8.78,9.49,1.36,9.29,7.59,23.38,"混合型",7.01,2559
"30161476","王本昌",5.23,8.52,2.89,5.23,4.93,7.19,16.46,"股票型",3.5,2557
"30282133","祝松",NaN,NaN,NaN,NaN,NaN,NaN,NaN,"",NaN,2555
"30282411","叶朝明",NaN,NaN,NaN,NaN,NaN,NaN,NaN,"",NaN,2549
"30282655","尹培俊",NaN,NaN,NaN,NaN,NaN,NaN,NaN,"",NaN,2543
"30178998","何晓春",5.91,8.57,4.75,7.41,6.38,1.61,26.69,"股票型",3.46,2536
"30066836","王增财",6.07,8.24,9.52,4.22,5.08,2.67,14.79,"混合型",3.46,2529
"30283066","邱红丽",NaN,NaN,NaN,NaN,NaN,NaN,NaN,"",NaN,2529
"30050317","吴华",3.61,8.23,5.77,0.48,1.3,5.51,21.16,"混合型",6.92,2524
"30283265","张翼飞",NaN,NaN,NaN,NaN,NaN,NaN,NaN,"",NaN,2523
"30283282","雷鸣",NaN,NaN,NaN,NaN,NaN,NaN,NaN,"",NaN,2522
"30283266","马龙",NaN,NaN,NaN,NaN,NaN,NaN,NaN,"",NaN,2522
"30063842","朱红",6.53,8.22,9,3.61,5.79,7.22,18.79,"混合型",6.9,2517
"30283311","刘杰",NaN,NaN,NaN,NaN,NaN,NaN,NaN,"",NaN,2517
"30283331","何凯",NaN,NaN,NaN,NaN,NaN,NaN,NaN,"",NaN,2516
"30283330","袁媛",NaN,NaN,NaN,NaN,NaN,NaN,NaN,"",NaN,2514
"30038602","李涛",NaN,NaN,NaN,NaN,NaN,NaN,NaN,"--",NaN,2509
"30283423","段鹏",NaN,NaN,NaN,NaN,NaN,NaN,NaN,"",NaN,2508
"30201494","刘格菘",NaN,NaN,NaN,NaN,NaN,NaN,NaN,"",NaN,2503
"30283642","谢书英",NaN,NaN,NaN,NaN,NaN,NaN,NaN,"",NaN,2499
"30283641","徐喻军",NaN,NaN,NaN,NaN,NaN,NaN,NaN,"",NaN,2499
"30282873","陈一峰",NaN,NaN,NaN,NaN,NaN,NaN,NaN,"",NaN,2497
"30074174","安昀",NaN,8.62,3.81,2.82,3.95,NaN,32.39,"混合型",6.84,2495
"30283990","赵波",NaN,NaN,NaN,NaN,NaN,NaN,NaN,"",NaN,2494
"30198126","林伟斌",NaN,NaN,NaN,NaN,NaN,NaN,NaN,"",NaN,2485
"30284340","周海栋",NaN,NaN,NaN,NaN,NaN,NaN,NaN,"",NaN,2483
"30284601","何如",NaN,NaN,NaN,NaN,NaN,NaN,NaN,"",NaN,2479
"30067487","林洪钧",3.31,8.1,2.56,0.96,3.95,3.4,6.46,"债券型",3.39,2476
"30201218","李湘杰",NaN,NaN,NaN,NaN,NaN,NaN,NaN,"",NaN,2474
"30184146","张李陵",5.34,8.04,9.53,5.29,1.1,2.87,4.16,"债券型",2.56,2473
"30285112","钱鑫",NaN,NaN,NaN,NaN,NaN,NaN,NaN,"",NaN,2468
"30276715","饶晓鹏",NaN,NaN,NaN,NaN,NaN,NaN,NaN,"",NaN,2465
"30285598","曹思",NaN,NaN,NaN,NaN,NaN,NaN,NaN,"",NaN,2461
"30285673","蔡向阳",NaN,NaN,NaN,NaN,NaN,NaN,NaN,"",NaN,2460
"30284695","郑昱",NaN,NaN,NaN,NaN,NaN,NaN,NaN,"",NaN,2459
"30284212","吴坚",NaN,NaN,NaN,NaN,NaN,NaN,NaN,"",NaN,2452
"30040362","史伟",NaN,NaN,2.2,4.67,0.19,NaN,22.95,"混合型",2.23,2446
"30277863","周思聪",NaN,NaN,NaN,NaN,NaN,NaN,NaN,"",NaN,2445
"30287237","吴博俊",NaN,NaN,NaN,NaN,NaN,NaN,NaN,"",NaN,2443
"30285611","王霞",NaN,NaN,NaN,NaN,NaN,NaN,NaN,"",NaN,2440
"30280829","黄兴亮",NaN,NaN,NaN,NaN,NaN,NaN,NaN,"",NaN,2439
"30201160","曹文俊",NaN,NaN,NaN,NaN,NaN,NaN,NaN,"",NaN,2437
"30197926","袁争光",NaN,NaN,NaN,NaN,NaN,NaN,NaN,"",NaN,2433
"30285338","褚艳辉",NaN,NaN,NaN,NaN,NaN,NaN,NaN,"",NaN,2431
"30289522","杨挺",NaN,NaN,NaN,NaN,NaN,NaN,NaN,"",NaN,2431
"30289521","鲍无可",NaN,NaN,NaN,NaN,NaN,NaN,NaN,"",NaN,2430
"30272905","王玥",NaN,NaN,NaN,NaN,NaN,NaN,NaN,"",NaN,2426
"30280107","陈晓",NaN,NaN,NaN,NaN,NaN,NaN,NaN,"",NaN,2425
"30282657","李文君",NaN,NaN,NaN,NaN,NaN,NaN,NaN,"",NaN,2423
"30297382","孙伟",NaN,NaN,NaN,NaN,NaN,NaN,NaN,"",NaN,2420
"30062897","李一硕",6.64,7.99,5.63,7.5,5.57,7.71,5.17,"债券型",6.62,2415
"30291930","吴剑毅",NaN,NaN,NaN,NaN,NaN,NaN,NaN,"",NaN,2409
"30291932","姚秋",NaN,NaN,NaN,NaN,NaN,NaN,NaN,"",NaN,2409
"30291931","张雅君",NaN,NaN,NaN,NaN,NaN,NaN,NaN,"",NaN,2408
"30286580","陈梁",NaN,NaN,NaN,NaN,NaN,NaN,NaN,"",NaN,2403
"30276918","董瑞倩",NaN,NaN,NaN,NaN,NaN,NaN,NaN,"",NaN,2403
"30293314","谈云飞",NaN,NaN,NaN,NaN,NaN,NaN,NaN,"",NaN,2397
"30130654","侯慧娣",NaN,NaN,NaN,NaN,NaN,NaN,NaN,"",NaN,2385
"30295490","张文玥",NaN,NaN,NaN,NaN,NaN,NaN,NaN,"",NaN,2383
"30296357","方抗",NaN,NaN,NaN,NaN,NaN,NaN,NaN,"",NaN,2378
"30198403","邓栋",NaN,NaN,NaN,NaN,NaN,NaN,NaN,"",NaN,2374
"30283297","余斌",NaN,NaN,NaN,NaN,NaN,NaN,NaN,"",NaN,2371
"30296811","贾鹏",NaN,NaN,NaN,NaN,NaN,NaN,NaN,"",NaN,2369
"30039046","许利明",NaN,NaN,NaN,NaN,NaN,NaN,17.06,"",3.25,2369
"30301687","徐寅喆",NaN,NaN,NaN,NaN,NaN,NaN,NaN,"",NaN,2369
"30293817","洪木妹",NaN,NaN,NaN,NaN,NaN,NaN,NaN,"",NaN,2369
"30296880","陈雷",NaN,NaN,NaN,NaN,NaN,NaN,NaN,"",NaN,2367
"30069273","朱蓓",NaN,NaN,NaN,NaN,NaN,NaN,NaN,"--",NaN,2366
"30296881","孙丽娜",NaN,NaN,NaN,NaN,NaN,NaN,NaN,"",NaN,2366
"30297171","颜文浩",NaN,NaN,NaN,NaN,NaN,NaN,NaN,"",NaN,2363
"30297496","乔海英",NaN,NaN,NaN,NaN,NaN,NaN,NaN,"",NaN,2353
"30276448","李羿",NaN,NaN,NaN,NaN,NaN,NaN,NaN,"",NaN,2350
"30161477","李永兴",4.57,7.95,0.82,6.95,2.65,7.78,37.36,"混合型",3.21,2345
"30201919","李道滢",NaN,NaN,NaN,NaN,NaN,NaN,NaN,"",NaN,2345
"30297913","梁莹",NaN,NaN,NaN,NaN,NaN,NaN,NaN,"",NaN,2341
"30298306","陈启明",NaN,NaN,NaN,NaN,NaN,NaN,NaN,"",NaN,2339
"30298083","朱庆恒",NaN,NaN,NaN,NaN,NaN,NaN,NaN,"",NaN,2338
"30300471","王文华",NaN,NaN,NaN,NaN,NaN,NaN,NaN,"",NaN,2320
"30163900","黄韵",NaN,9.3,NaN,7.4,NaN,NaN,13.72,"债券型",6.35,2318
"30301029","刘伟琳",NaN,NaN,NaN,NaN,NaN,NaN,NaN,"",NaN,2318
"30288458","李元博",NaN,NaN,NaN,NaN,NaN,NaN,NaN,"",NaN,2315
"30301316","杨飞",NaN,NaN,NaN,NaN,NaN,NaN,NaN,"",NaN,2314
"30301236","樊利安",NaN,NaN,NaN,NaN,NaN,NaN,NaN,"",NaN,2314
"30301031","季峰",NaN,NaN,NaN,NaN,NaN,NaN,NaN,"",NaN,2314
"30299153","李倩",NaN,NaN,NaN,NaN,NaN,NaN,NaN,"",NaN,2314
"30301239","王崇",NaN,NaN,NaN,NaN,NaN,NaN,NaN,"",NaN,2313
"30301237","夏林锋",NaN,NaN,NaN,NaN,NaN,NaN,NaN,"",NaN,2313
"30301238","陈孜铎",NaN,NaN,NaN,NaN,NaN,NaN,NaN,"",NaN,2313
"30301688","杨锐文",NaN,NaN,NaN,NaN,NaN,NaN,NaN,"",NaN,2310
"30132445","何天翔",3.47,7.9,3.3,2.38,3.36,1.81,13.7,"混合型",6.33,2310
"30282187","李慧鹏",NaN,NaN,NaN,NaN,NaN,NaN,NaN,"",NaN,2310
"30302420","邵笛",NaN,NaN,NaN,NaN,NaN,NaN,NaN,"",NaN,2305
"30299348","袁航",NaN,NaN,NaN,NaN,NaN,NaN,NaN,"",NaN,2300
"30079649","何康",NaN,NaN,NaN,NaN,NaN,NaN,NaN,"",NaN,2287
"30301680","赵蓓",NaN,NaN,NaN,NaN,NaN,NaN,NaN,"",NaN,2286
"30304626","金梓才",NaN,NaN,NaN,NaN,NaN,NaN,NaN,"",NaN,2285
"30304586","方旻",NaN,NaN,NaN,NaN,NaN,NaN,NaN,"",NaN,2285
"30304584","张惠",NaN,NaN,NaN,NaN,NaN,NaN,NaN,"",NaN,2285
"30304585","朱才敏",NaN,NaN,NaN,NaN,NaN,NaN,NaN,"",NaN,2284
"30304973","张勋",NaN,NaN,NaN,NaN,NaN,NaN,NaN,"",NaN,2283
"30304733","季侃乐",NaN,NaN,NaN,NaN,NaN,NaN,NaN,"",NaN,2280
"30304998","罗世锋",NaN,NaN,NaN,NaN,NaN,NaN,NaN,"",NaN,2279
"30305633","吴尚伟",NaN,NaN,NaN,NaN,NaN,NaN,NaN,"",NaN,2279
"30040521","赵枫",NaN,7.84,NaN,6.36,NaN,NaN,89.49,"混合型",2.08,2273
"30302862","牛兴华",NaN,NaN,NaN,NaN,NaN,NaN,NaN,"",NaN,2272
"30296525","方纬",NaN,NaN,NaN,NaN,NaN,NaN,NaN,"",NaN,2272
"30308132","桑俊",NaN,NaN,NaN,NaN,NaN,NaN,NaN,"",NaN,2270
"30309950","夏高",NaN,NaN,NaN,NaN,NaN,NaN,NaN,"",NaN,2268
"30310503","张雪",NaN,NaN,NaN,NaN,NaN,NaN,NaN,"",NaN,2265
"30337554","罗远航",NaN,NaN,NaN,NaN,NaN,NaN,NaN,"",NaN,2265
"30067538","刘兴旺",6.05,7.64,4.93,4.3,8.59,5.13,11.55,"债券型",2.07,2264
"30316128","高靖瑜",NaN,NaN,NaN,NaN,NaN,NaN,NaN,"",NaN,2259
"30044828","黄峰",3.77,8.02,0.57,7.29,0.48,5.43,13.83,"混合型",6.18,2257
"30319133","蒋秋洁",NaN,NaN,NaN,NaN,NaN,NaN,NaN,"",NaN,2256
"30040293","梁钧",NaN,7.63,NaN,2.75,NaN,NaN,6.45,"债券型",2.05,2255
"30062778","唐晓斌",3.72,7.81,5.27,0.7,1.16,7.66,20.84,"混合型",6.16,2250
"30308061","于军华",NaN,NaN,NaN,NaN,NaN,NaN,NaN,"",NaN,2250
"30158961","蔡滨",6.33,7.8,9.65,4.81,4.75,4.4,27.46,"混合型",6.16,2248
"30322942","李博",NaN,NaN,NaN,NaN,NaN,NaN,NaN,"",NaN,2243
"30322995","陈玮",NaN,NaN,NaN,NaN,NaN,NaN,NaN,"",NaN,2243
"30194541","黄祥斌",NaN,NaN,NaN,NaN,NaN,NaN,NaN,"",NaN,2242
"30323600","张彦",NaN,NaN,NaN,NaN,NaN,NaN,NaN,"",NaN,2237
"30314120","邱杰",NaN,NaN,NaN,NaN,NaN,NaN,NaN,"",NaN,2230
"30324733","付斌",NaN,NaN,NaN,NaN,NaN,NaN,NaN,"",NaN,2229
"30324785","刘万锋",NaN,NaN,NaN,NaN,NaN,NaN,NaN,"",NaN,2229
"30136155","王喆",4.52,7.77,6.11,3.29,2.1,5.36,4.99,"混合型",6.1,2228
"30325199","王大鹏",NaN,NaN,NaN,NaN,NaN,NaN,NaN,"",NaN,2221
"30132446","汪洋",NaN,NaN,NaN,NaN,NaN,NaN,NaN,"",NaN,2221
"30325389","李一鸣",NaN,NaN,NaN,NaN,NaN,NaN,NaN,"",NaN,2221
"30325387","孙文龙",NaN,NaN,NaN,NaN,NaN,NaN,NaN,"",NaN,2220
"30325983","林忠晶",NaN,NaN,NaN,NaN,NaN,NaN,NaN,"",NaN,2216
"30326168","何奇峰",NaN,NaN,NaN,NaN,NaN,NaN,NaN,"",NaN,2216
"30326166","李曈",NaN,NaN,NaN,NaN,NaN,NaN,NaN,"",NaN,2215
"30327734","李威",NaN,NaN,NaN,NaN,NaN,NaN,NaN,"",NaN,2214
"30322943","李佳存",NaN,NaN,NaN,NaN,NaN,NaN,NaN,"",NaN,2213
"30273078","贾成东",NaN,NaN,NaN,NaN,NaN,NaN,NaN,"",NaN,2211
"30322659","陈斌",NaN,NaN,NaN,NaN,NaN,NaN,NaN,"",NaN,2210
"30283643","李振兴",NaN,NaN,NaN,NaN,NaN,NaN,NaN,"",NaN,2209
"30080257","张明凯",NaN,NaN,NaN,NaN,NaN,NaN,NaN,"",NaN,2206
"30331852","蔡志伟",NaN,NaN,NaN,NaN,NaN,NaN,NaN,"",NaN,2201
"30331915","王伟",NaN,NaN,NaN,NaN,NaN,NaN,NaN,"",NaN,2201
"30331917","吴兴武",NaN,NaN,NaN,NaN,NaN,NaN,NaN,"",NaN,2200
"30331916","苗宇",NaN,NaN,NaN,NaN,NaN,NaN,NaN,"",NaN,2200
"30327019","杜洋",NaN,NaN,NaN,NaN,NaN,NaN,NaN,"",NaN,2196
"30275685","马洪娟",NaN,NaN,NaN,NaN,NaN,NaN,NaN,"",NaN,2196
"30332846","张淼",NaN,NaN,NaN,NaN,NaN,NaN,NaN,"",NaN,2195
"30332868","尹维国",NaN,NaN,NaN,NaN,NaN,NaN,NaN,"",NaN,2195
"30333216","佟巍",NaN,NaN,NaN,NaN,NaN,NaN,NaN,"",NaN,2185
"30333215","张亮",NaN,NaN,NaN,NaN,NaN,NaN,NaN,"",NaN,2185
"30298944","葛鹤军",NaN,NaN,NaN,NaN,NaN,NaN,NaN,"",NaN,2185
"30334245","张钟玉",NaN,NaN,NaN,NaN,NaN,NaN,NaN,"",NaN,2184
"30325634","蔡旻",NaN,NaN,NaN,NaN,NaN,NaN,NaN,"",NaN,2182
"30072773","颜伟鹏",2.39,7.62,5.01,0.01,0.3,0.82,19.84,"混合型",5.98,2181
"30334244","李孟海",NaN,NaN,NaN,NaN,NaN,NaN,NaN,"",NaN,2181
"30192023","蔡玮菁",5.44,7.5,5.16,5.88,6.15,1.61,5.58,"债券型",5.98,2181
"30299893","杨超",NaN,NaN,NaN,NaN,NaN,NaN,NaN,"",NaN,2179
"30334624","李玉良",NaN,NaN,NaN,NaN,NaN,NaN,NaN,"",NaN,2177
"30334870","常蓁",NaN,NaN,NaN,NaN,NaN,NaN,NaN,"",NaN,2172
"30334535","刘方正",NaN,NaN,NaN,NaN,NaN,NaN,NaN,"",NaN,2172
"30335060","左金保",NaN,NaN,NaN,NaN,NaN,NaN,NaN,"",NaN,2171
"30053610","胡志伟",NaN,7.58,NaN,6.63,NaN,NaN,4.43,"混合型",5.95,2170
"30335307","王博强",NaN,NaN,NaN,NaN,NaN,NaN,NaN,"",NaN,2167
"30335309","刘杰",NaN,NaN,NaN,NaN,NaN,NaN,NaN,"",NaN,2167
"30335555","代瑞亮",NaN,NaN,NaN,NaN,NaN,NaN,NaN,"",NaN,2167
"30130474","张腾",2.78,7.54,2.63,2.95,0.74,2.05,-3.12,"混合型",5.93,2166
"30335798","李康",NaN,NaN,NaN,NaN,NaN,NaN,NaN,"",NaN,2164
"30301689","张延闽",NaN,NaN,NaN,NaN,NaN,NaN,NaN,"",NaN,2162
"30062853","邵卓",5.56,7.47,6.8,2.28,6.46,5.95,29.32,"股票型",5.92,2160
"30272430","李会忠",NaN,NaN,NaN,NaN,NaN,NaN,NaN,"",NaN,2160
"30054556","王创练",7.43,7.44,7.57,7.88,10,1.12,28.95,"股票型",5.9,2154
"30047623","朱文辉",NaN,NaN,0.28,0.89,0,6.51,2.28,"债券型",1.47,2153
"30338000","魏庆国",NaN,NaN,NaN,NaN,NaN,NaN,NaN,"",NaN,2146
"30338740","李双全",NaN,NaN,NaN,NaN,NaN,NaN,NaN,"",NaN,2145
"30338356","光磊",NaN,NaN,NaN,NaN,NaN,NaN,NaN,"",NaN,2144
"30338357","易镜明",NaN,NaN,NaN,NaN,NaN,NaN,NaN,"",NaN,2144
"30338359","毛文博",NaN,NaN,NaN,NaN,NaN,NaN,NaN,"",NaN,2144
"30338992","杨立春",NaN,NaN,NaN,NaN,NaN,NaN,NaN,"",NaN,2144
"30189593","王鹏",NaN,NaN,NaN,NaN,NaN,NaN,NaN,"",NaN,2140
"30339269","陈栋",NaN,NaN,NaN,NaN,NaN,NaN,NaN,"",NaN,2139
"30304986","吕越超",NaN,NaN,NaN,NaN,NaN,NaN,NaN,"",NaN,2139
"30072305","范贵龙",5.9,7.45,3.8,7.16,7.54,2.73,3.4,"混合型",5.86,2138
"30339881","姚晨曦",NaN,NaN,NaN,NaN,NaN,NaN,NaN,"",NaN,2136
"30130650","许忠海",2.66,7.43,2.33,1.72,1.66,2.44,10.61,"混合型",5.85,2136
"30341354","何珅华",NaN,NaN,NaN,NaN,NaN,NaN,NaN,"",NaN,2136
"30301589","张琳娜",NaN,NaN,NaN,NaN,NaN,NaN,NaN,"",NaN,2136
"30336357","李博",NaN,NaN,NaN,NaN,NaN,NaN,NaN,"",NaN,2132
"30320992","黄海峰",NaN,NaN,NaN,NaN,NaN,NaN,NaN,"",NaN,2131
"30193851","冯小波",4.24,7.42,1.93,5.05,2.24,8.08,4.4,"债券型",2.92,2131
"30340342","杨景涵",NaN,NaN,NaN,NaN,NaN,NaN,NaN,"",NaN,2125
"30158947","薄官辉",NaN,NaN,NaN,NaN,NaN,NaN,NaN,"",NaN,2124
"30342499","王睿",NaN,NaN,NaN,NaN,NaN,NaN,NaN,"",NaN,2123
"30342496","王然",NaN,NaN,NaN,NaN,NaN,NaN,NaN,"",NaN,2123
"30287656","薛子徵",NaN,NaN,NaN,NaN,NaN,NaN,NaN,"",NaN,2123
"30132431","沈楠",7.36,7.38,9.27,4.68,8.96,5.68,17.52,"混合型",5.8,2118
"30201299","刚登峰",NaN,NaN,NaN,NaN,NaN,NaN,NaN,"",NaN,2118
"30342558","韩冰",NaN,NaN,NaN,NaN,NaN,NaN,NaN,"",NaN,2118
"30049502","陆从珍",5.65,8.23,4.09,5.58,5.4,6.84,28.18,"混合型",2.9,2118
"30342561","莫海波",NaN,NaN,NaN,NaN,NaN,NaN,NaN,"",NaN,2117
"30339268","林庆",NaN,NaN,NaN,NaN,NaN,NaN,NaN,"",NaN,2117
"30295855","赵耀",NaN,NaN,NaN,NaN,NaN,NaN,NaN,"",NaN,2117
"30063379","丘栋荣",NaN,NaN,NaN,NaN,NaN,NaN,NaN,"",NaN,2114
"30344667","储雯玉",NaN,NaN,NaN,NaN,NaN,NaN,NaN,"",NaN,2112
"30344666","林清源",NaN,NaN,NaN,NaN,NaN,NaN,NaN,"",NaN,2111
"30344678","徐嶒",NaN,NaN,NaN,NaN,NaN,NaN,NaN,"",NaN,2111
"30342480","王东杰",NaN,NaN,NaN,NaN,NaN,NaN,NaN,"",NaN,2110
"30346728","牛志冬",NaN,NaN,NaN,NaN,NaN,NaN,NaN,"",NaN,2110
"30346523","赵治烨",NaN,NaN,NaN,NaN,NaN,NaN,NaN,"",NaN,2110
"30050295","左剑",3.3,7.33,4.88,1.34,0.91,4.78,6.97,"混合型",5.78,2110
"30346517","楼昕宇",NaN,NaN,NaN,NaN,NaN,NaN,NaN,"",NaN,2110
"30346936","庄腾飞",NaN,NaN,NaN,NaN,NaN,NaN,NaN,"",NaN,2109
"30132452","赵楠",NaN,NaN,NaN,NaN,NaN,NaN,NaN,"",NaN,2109
"30346937","李琪",NaN,NaN,NaN,NaN,NaN,NaN,NaN,"",NaN,2109
"30342503","赵菲",NaN,NaN,NaN,NaN,NaN,NaN,NaN,"",NaN,2109
"30346935","周琦凯",NaN,NaN,NaN,NaN,NaN,NaN,NaN,"",NaN,2109
"30346768","张丹华",NaN,NaN,NaN,NaN,NaN,NaN,NaN,"",NaN,2108
"30130834","郑振源",NaN,NaN,NaN,NaN,NaN,NaN,NaN,"",NaN,2108
"30056585","王一兵",5.69,6.29,5.14,7.42,4.98,4.14,2.91,"混合型",5.78,2108
"30176257","吴亮谷",7.52,7.29,4.05,9.81,9.31,6.52,2.11,"混合型",1.92,2106
"30347548","曲径",NaN,NaN,NaN,NaN,NaN,NaN,NaN,"",NaN,2105
"30285153","芮晨",NaN,NaN,NaN,NaN,NaN,NaN,NaN,"",NaN,2105
"30347543","唐瑭",NaN,NaN,NaN,NaN,NaN,NaN,NaN,"",NaN,2104
"30065817","洪流",3.69,7.33,6.76,1.95,1.3,2.13,19.19,"债券型",2.88,2103
"30342413","林景艺",NaN,NaN,NaN,NaN,NaN,NaN,NaN,"",NaN,2103
"30075049","盖俊龙",3.86,7.26,2.69,5.98,2.45,1.41,6.45,"混合型",2.88,2102
"30349623","戴军",NaN,NaN,NaN,NaN,NaN,NaN,NaN,"",NaN,2102
"30355675","沙炜",NaN,NaN,NaN,NaN,NaN,NaN,NaN,"",NaN,2101
"30349211","孙伟",NaN,NaN,NaN,NaN,NaN,NaN,NaN,"",NaN,2101
"30349210","孙绍冰",NaN,NaN,NaN,NaN,NaN,NaN,NaN,"",NaN,2101
"30132152","王申",4.16,7.04,1.56,4.22,3.21,8.29,5.56,"债券型",5.5,2101
"30349587","伍智勇",NaN,NaN,NaN,NaN,NaN,NaN,NaN,"",NaN,2100
"30350034","唐能",NaN,NaN,NaN,NaN,NaN,NaN,NaN,"",NaN,2098
"30339878","陈蔚丰",NaN,NaN,NaN,NaN,NaN,NaN,NaN,"",NaN,2098
"30132007","瞿灿",4.42,7.32,4.38,4.02,2.4,6.43,3.94,"债券型",5.75,2098
"30350035","何以广",NaN,NaN,NaN,NaN,NaN,NaN,NaN,"",NaN,2097
"30350041","周楠",NaN,NaN,NaN,NaN,NaN,NaN,NaN,"",NaN,2097
"30350050","黄莹洁",NaN,NaN,NaN,NaN,NaN,NaN,NaN,"",NaN,2096
"30350077","王予柯",NaN,NaN,NaN,NaN,NaN,NaN,NaN,"",NaN,2096
"30350674","章晖",NaN,NaN,NaN,NaN,NaN,NaN,NaN,"",NaN,2095
"30350672","骆帅",NaN,NaN,NaN,NaN,NaN,NaN,NaN,"",NaN,2095
"30130611","丁进",4.98,7.29,6.88,3.97,3.07,4.67,3.98,"债券型",5.74,2094
"30200510","许家涵",NaN,NaN,NaN,NaN,NaN,NaN,NaN,"",NaN,2090
"30352210","申坤",NaN,NaN,NaN,NaN,NaN,NaN,NaN,"",NaN,2088
"30066221","黎莹",NaN,NaN,NaN,NaN,NaN,NaN,NaN,"",NaN,2088
"30136918","田俊维",NaN,6.96,NaN,5.75,6.32,NaN,18.08,"股票型",5.72,2087
"30072302","张圣贤",7.15,6.62,2.28,9.15,6.41,10,10.79,"指数型",6.89,2087
"30352422","王延飞",NaN,NaN,NaN,NaN,NaN,NaN,NaN,"",NaN,2084
"30352716","万琼",NaN,NaN,NaN,NaN,NaN,NaN,NaN,"",NaN,2084
"30353102","赵建忠",NaN,NaN,NaN,NaN,NaN,NaN,NaN,"",NaN,2084
"30352396","陈晨",NaN,NaN,NaN,NaN,NaN,NaN,NaN,"",NaN,2084
"30139986","邬传雁",6.97,7.15,9.09,6.5,4.21,8.97,17.56,"混合型",5.71,2083
"30352787","李金灿",NaN,NaN,NaN,NaN,NaN,NaN,NaN,"",NaN,2083
"30396307","倪超",NaN,NaN,NaN,NaN,NaN,NaN,NaN,"",NaN,2081
"30353488","陈颖",NaN,NaN,NaN,NaN,NaN,NaN,NaN,"",NaN,2081
"30354133","蒋璆",NaN,NaN,NaN,NaN,NaN,NaN,NaN,"",NaN,2076
"30354651","崔莹",NaN,NaN,NaN,NaN,NaN,NaN,NaN,"",NaN,2074
"30351211","刘江",NaN,NaN,NaN,NaN,NaN,NaN,NaN,"",NaN,2074
"30136811","杨欢",NaN,7.2,NaN,3.87,NaN,NaN,21.28,"债券型",5.68,2073
"30122779","蒋利娟",NaN,NaN,NaN,NaN,NaN,NaN,NaN,"",NaN,2073
"30324924","高松",NaN,NaN,NaN,NaN,NaN,NaN,NaN,"",NaN,2070
"30355451","马强",NaN,NaN,NaN,NaN,NaN,NaN,NaN,"",NaN,2068
"30355692","吕伟",NaN,NaN,NaN,NaN,NaN,NaN,NaN,"",NaN,2067
"30354721","颜昕",NaN,NaN,NaN,NaN,NaN,NaN,NaN,"",NaN,2066
"30072275","申俊华",6.78,6.92,9.76,6.13,7.94,3.21,2.66,"货币型",2.83,2063
"30357094","万梦",NaN,NaN,NaN,NaN,NaN,NaN,NaN,"",NaN,2058
"30358212","李晓星",NaN,NaN,NaN,NaN,NaN,NaN,NaN,"",NaN,2055
"30358189","李林益",NaN,NaN,NaN,NaN,NaN,NaN,NaN,"",NaN,2055
"30358185","刘阳",NaN,NaN,NaN,NaN,NaN,NaN,NaN,"",NaN,2055
"30324814","葛兰",NaN,NaN,NaN,NaN,NaN,NaN,NaN,"",NaN,2054
"30358177","季慧娟",NaN,NaN,NaN,NaN,NaN,NaN,NaN,"",NaN,2054
"30201969","张俊杰",NaN,NaN,NaN,NaN,NaN,NaN,NaN,"",NaN,2054
"30358211","何帅",NaN,NaN,NaN,NaN,NaN,NaN,NaN,"",NaN,2053
"30358174","李欣",NaN,NaN,NaN,NaN,NaN,NaN,NaN,"",NaN,2053
"30099698","谢屹",NaN,NaN,NaN,NaN,NaN,NaN,NaN,"",NaN,2053
"30358188","王亚洲",NaN,NaN,NaN,NaN,NaN,NaN,NaN,"",NaN,2053
"30358426","鞠婷",NaN,NaN,NaN,NaN,NaN,NaN,NaN,"",NaN,2053
"30358533","罗安安",NaN,NaN,NaN,NaN,NaN,NaN,NaN,"",NaN,2052
"30354709","劳杰男",NaN,NaN,NaN,NaN,NaN,NaN,NaN,"",NaN,2052
"30358534","马英",NaN,NaN,NaN,NaN,NaN,NaN,NaN,"",NaN,2052
"30358535","郝旭东",NaN,NaN,NaN,NaN,NaN,NaN,NaN,"",NaN,2051
"30323724","纪文静",NaN,NaN,NaN,NaN,NaN,NaN,NaN,"",NaN,2048
"30349047","刘开运",NaN,NaN,NaN,NaN,NaN,NaN,NaN,"",NaN,2046
"30359244","石雨欣",NaN,NaN,NaN,NaN,NaN,NaN,NaN,"",NaN,2045
"30359247","吴江宏",NaN,NaN,NaN,NaN,NaN,NaN,NaN,"",NaN,2045
"30359091","杜飞",NaN,NaN,NaN,NaN,NaN,NaN,NaN,"",NaN,2045
"30132788","吴昊",NaN,NaN,NaN,NaN,NaN,NaN,NaN,"",NaN,2042
"30360645","桂征辉",NaN,NaN,NaN,NaN,NaN,NaN,NaN,"",NaN,2041
"30360649","蔡春红",NaN,NaN,NaN,NaN,NaN,NaN,NaN,"",NaN,2040
"30360248","张林",NaN,NaN,NaN,NaN,NaN,NaN,NaN,"",NaN,2040
"30194665","刘丽娟",6.8,6.8,7.39,6.21,9.85,3.73,1.96,"货币型",5.59,2040
"30360648","李韵怡",NaN,NaN,NaN,NaN,NaN,NaN,NaN,"",NaN,2039
"30361543","陈平",NaN,NaN,NaN,NaN,NaN,NaN,NaN,"",NaN,2037
"30361764","钱亚风云",NaN,NaN,NaN,NaN,NaN,NaN,NaN,"",NaN,2035
"30361763","赵志华",NaN,NaN,NaN,NaN,NaN,NaN,NaN,"",NaN,2035
"30361915","刘旭",NaN,NaN,NaN,NaN,NaN,NaN,NaN,"",NaN,2033
"30361861","王帅",NaN,NaN,NaN,NaN,NaN,NaN,NaN,"",NaN,2033
"30334675","张文平",NaN,NaN,NaN,NaN,NaN,NaN,NaN,"",NaN,2030
"30335892","尹诚庸",NaN,NaN,NaN,NaN,NaN,NaN,NaN,"",NaN,2029
"30362194","过蓓蓓",NaN,NaN,NaN,NaN,NaN,NaN,NaN,"",NaN,2028
"30339882","于航",NaN,NaN,NaN,NaN,NaN,NaN,NaN,"",NaN,2028
"30336802","倪权生",NaN,NaN,NaN,NaN,NaN,NaN,NaN,"",NaN,2028
"30362197","陈思郁",NaN,NaN,NaN,NaN,NaN,NaN,NaN,"",NaN,2027
"30362212","杨景喻",NaN,NaN,NaN,NaN,NaN,NaN,NaN,"",NaN,2027
"30362098","唐赟",NaN,NaN,NaN,NaN,NaN,NaN,NaN,"",NaN,2027
"30131854","连端清",6.17,8.1,1.96,6.68,5.78,9.28,3.41,"货币型",6.96,2027
"30362198","韩丽楠",NaN,NaN,NaN,NaN,NaN,NaN,NaN,"",NaN,2026
"30359246","武阳",NaN,NaN,NaN,NaN,NaN,NaN,NaN,"",NaN,2026
"30362196","康晶",NaN,NaN,NaN,NaN,NaN,NaN,NaN,"",NaN,2026
"30358425","谭志强",NaN,NaN,NaN,NaN,NaN,NaN,NaN,"",NaN,2024
"30118273","厉叶淼",NaN,NaN,NaN,NaN,NaN,NaN,NaN,"",NaN,2021
"30079473","王乐乐",NaN,6.38,NaN,8.41,4.29,NaN,21.81,"指数型",5.69,2021
"30363639","查晓磊",NaN,NaN,NaN,NaN,NaN,NaN,NaN,"",NaN,2020
"30364301","杨浩",NaN,NaN,NaN,NaN,NaN,NaN,NaN,"",NaN,2016
"30282105","张仲维",NaN,NaN,NaN,NaN,NaN,NaN,NaN,"",NaN,2016
"30364517","张洋",NaN,NaN,NaN,NaN,NaN,NaN,NaN,"",NaN,2014
"30364521","杨栋",NaN,NaN,NaN,NaN,NaN,NaN,NaN,"",NaN,2013
"30364527","张啸伟",NaN,NaN,NaN,NaN,NaN,NaN,NaN,"",NaN,2013
"30364709","胡志利",NaN,NaN,NaN,NaN,NaN,NaN,NaN,"",NaN,2013
"30364706","付伟",NaN,NaN,NaN,NaN,NaN,NaN,NaN,"",NaN,2012
"30364715","刘文良",NaN,NaN,NaN,NaN,NaN,NaN,NaN,"",NaN,2011
"30130895","焦巍",NaN,6.85,8.77,8.16,0.81,NaN,32.4,"混合型",1.84,2010
"30365048","张堃",NaN,NaN,NaN,NaN,NaN,NaN,NaN,"",NaN,2009
"30066239","陈鹏扬",NaN,NaN,NaN,NaN,NaN,NaN,NaN,"",NaN,2007
"30365601","陈宇",NaN,NaN,NaN,NaN,NaN,NaN,NaN,"",NaN,2006
"30366104","伍文友",NaN,NaN,NaN,NaN,NaN,NaN,NaN,"",NaN,2002
"30366117","何龙",NaN,NaN,NaN,NaN,NaN,NaN,NaN,"",NaN,2002
"30366118","张鹏",NaN,NaN,NaN,NaN,NaN,NaN,NaN,"",NaN,2002
"30346940","徐晓杰",NaN,NaN,NaN,NaN,NaN,NaN,NaN,"",NaN,2002
"30366489","王晓李",NaN,NaN,NaN,NaN,NaN,NaN,NaN,"",NaN,1999
"30367556","王曦",NaN,NaN,NaN,NaN,NaN,NaN,NaN,"",NaN,1993
"30038356","占冠良",NaN,NaN,NaN,NaN,NaN,NaN,-1.03,"",2.73,1993
"30063687","孙继青",NaN,NaN,NaN,NaN,NaN,NaN,NaN,"",NaN,1992
"30367887","邓默",NaN,NaN,NaN,NaN,NaN,NaN,NaN,"",NaN,1991
"30367885","饶玉涵",NaN,NaN,NaN,NaN,NaN,NaN,NaN,"",NaN,1991
"30367888","王东旋",NaN,NaN,NaN,NaN,NaN,NaN,NaN,"",NaN,1991
"30367886","谢泽林",NaN,NaN,NaN,NaN,NaN,NaN,NaN,"",NaN,1990
"30368303","董浩",NaN,NaN,NaN,NaN,NaN,NaN,NaN,"",NaN,1989
"30121782","周云",NaN,NaN,NaN,NaN,NaN,NaN,NaN,"",NaN,1986
"30119501","郑磊",NaN,NaN,NaN,NaN,NaN,NaN,NaN,"",NaN,1984
"30369141","张峰",NaN,NaN,NaN,NaN,NaN,NaN,NaN,"",NaN,1983
"30369143","张羽翔",NaN,NaN,NaN,NaN,NaN,NaN,NaN,"",NaN,1983
"30297650","薛小波",NaN,NaN,NaN,NaN,NaN,NaN,NaN,"",NaN,1981
"30350033","哈默",NaN,NaN,NaN,NaN,NaN,NaN,NaN,"",NaN,1978
"30372525","孙少锋",NaN,NaN,NaN,NaN,NaN,NaN,NaN,"",NaN,1977
"30051723","冯烜",NaN,NaN,NaN,NaN,NaN,NaN,NaN,"",NaN,1977
"30373412","吴国清",NaN,NaN,NaN,NaN,NaN,NaN,NaN,"",NaN,1975
"30373413","罗春蕾",NaN,NaN,NaN,NaN,NaN,NaN,NaN,"",NaN,1974
"30063664","吴培文",NaN,NaN,NaN,NaN,NaN,NaN,NaN,"",NaN,1970
"30378721","汪孟海",NaN,NaN,NaN,NaN,NaN,NaN,NaN,"",NaN,1961
"30377927","潘明曦",NaN,NaN,NaN,NaN,NaN,NaN,NaN,"",NaN,1961
"30418641","张韵",NaN,NaN,NaN,NaN,NaN,NaN,NaN,"",NaN,1961
"30379614","罗国庆",NaN,NaN,NaN,NaN,NaN,NaN,NaN,"",NaN,1957
"30380157","盛豪",NaN,NaN,NaN,NaN,NaN,NaN,NaN,"",NaN,1957
"30327018","胡娜",NaN,NaN,NaN,NaN,NaN,NaN,NaN,"",NaN,1956
"30381870","闵杭",NaN,NaN,NaN,NaN,NaN,NaN,NaN,"",NaN,1954
"30352218","龚丽丽",NaN,NaN,NaN,NaN,NaN,NaN,NaN,"",NaN,1951
"30352245","韩哲昊",NaN,NaN,NaN,NaN,NaN,NaN,NaN,"",NaN,1949
"30383521","蒋一茜",NaN,NaN,NaN,NaN,NaN,NaN,NaN,"",NaN,1946
"30349236","钱晶",NaN,NaN,NaN,NaN,NaN,NaN,NaN,"",NaN,1945
"30072994","胡德军",3.61,6.63,0.24,0.64,7.83,4.82,10.7,"混合型",5.32,1943
"30384800","吴闻",NaN,NaN,NaN,NaN,NaN,NaN,NaN,"",NaN,1943
"30072426","范妍",8.44,6.39,9.42,7.46,9.44,8.51,25.62,"股票型",5.32,1942
"30382736","周应波",NaN,NaN,NaN,NaN,NaN,NaN,NaN,"",NaN,1936
"30354798","薛冀颖",NaN,NaN,NaN,NaN,NaN,NaN,NaN,"",NaN,1936
"30387290","韩冬燕",NaN,NaN,NaN,NaN,NaN,NaN,NaN,"",NaN,1934
"30387787","荣膺",NaN,NaN,NaN,NaN,NaN,NaN,NaN,"",NaN,1933
"30356856","高源",NaN,NaN,NaN,NaN,NaN,NaN,NaN,"",NaN,1932
"30388382","杨逸君",NaN,NaN,NaN,NaN,NaN,NaN,NaN,"",NaN,1930
"30389782","丰晨成",NaN,NaN,NaN,NaN,NaN,NaN,NaN,"",NaN,1926
"30331853","颜媛",NaN,NaN,NaN,NaN,NaN,NaN,NaN,"",NaN,1924
"30282939","李铧汶",NaN,NaN,NaN,NaN,NaN,NaN,NaN,"",NaN,1924
"30277861","徐皓",NaN,NaN,NaN,NaN,NaN,NaN,NaN,"",NaN,1923
"30392767","吴昊",NaN,NaN,NaN,NaN,NaN,NaN,NaN,"",NaN,1921
"30382739","王浩",NaN,NaN,NaN,NaN,NaN,NaN,NaN,"",NaN,1921
"30063386","孙轶佳",NaN,NaN,NaN,NaN,NaN,NaN,NaN,"",NaN,1920
"30132447","陈伟彦",6.28,6.54,8.15,3.98,8,3.47,7.99,"混合型",5.26,1920
"30201149","经惠云",NaN,NaN,NaN,NaN,NaN,NaN,NaN,"",NaN,1919
"30393484","陈俊华",NaN,NaN,NaN,NaN,NaN,NaN,NaN,"",NaN,1918
"30395963","许一尊",NaN,NaN,NaN,NaN,NaN,NaN,NaN,"",NaN,1915
"30395964","胡宜斌",NaN,NaN,NaN,NaN,NaN,NaN,NaN,"",NaN,1913
"30334856","于鹏",NaN,NaN,NaN,NaN,NaN,NaN,NaN,"",NaN,1913
"30137559","林英睿",6.53,6.5,8.02,6.01,8.32,1.04,20.57,"混合型",2.62,1912
"30397260","陈良栋",NaN,NaN,NaN,NaN,NaN,NaN,NaN,"",NaN,1912
"30397261","张跃鹏",NaN,NaN,NaN,NaN,NaN,NaN,NaN,"",NaN,1912
"30353427","林森",NaN,NaN,NaN,NaN,NaN,NaN,NaN,"",NaN,1911
"30360647","黄成扬",NaN,NaN,NaN,NaN,NaN,NaN,NaN,"",NaN,1911
"30398835","刘平",NaN,NaN,NaN,NaN,NaN,NaN,NaN,"",NaN,1909
"30398820","兰乔",NaN,NaN,NaN,NaN,NaN,NaN,NaN,"",NaN,1909
"30398818","彭凌志",NaN,NaN,NaN,NaN,NaN,NaN,NaN,"",NaN,1908
"30301046","金昉毅",NaN,NaN,NaN,NaN,NaN,NaN,NaN,"",NaN,1908
"30399635","刘伟林",NaN,NaN,NaN,NaN,NaN,NaN,NaN,"",NaN,1907
"30386185","李轩",NaN,NaN,NaN,NaN,NaN,NaN,NaN,"",NaN,1907
"30399610","俞诚",NaN,NaN,NaN,NaN,NaN,NaN,NaN,"",NaN,1906
"30403971","任慧娟",NaN,NaN,NaN,NaN,NaN,NaN,NaN,"",NaN,1900
"30405174","侯春燕",NaN,NaN,NaN,NaN,NaN,NaN,NaN,"",NaN,1900
"30403955","成念良",NaN,NaN,NaN,NaN,NaN,NaN,NaN,"",NaN,1898
"30405172","周中",NaN,NaN,NaN,NaN,NaN,NaN,NaN,"",NaN,1897
"30164254","刘方旭",5.11,7.6,6.98,4.98,2.01,5.35,29.99,"混合型",5.19,1894
"30407680","李耀柱",NaN,NaN,NaN,NaN,NaN,NaN,NaN,"",NaN,1892
"30338741","高兵",NaN,NaN,NaN,NaN,NaN,NaN,NaN,"",NaN,1891
"30410909","李倩",NaN,NaN,NaN,NaN,NaN,NaN,NaN,"",NaN,1888
"30390208","周战海",NaN,NaN,NaN,NaN,NaN,NaN,NaN,"",NaN,1886
"30411929","徐成",NaN,NaN,NaN,NaN,NaN,NaN,NaN,"",NaN,1885
"30364708","徐治彪",NaN,NaN,NaN,NaN,NaN,NaN,NaN,"",NaN,1885
"30400615","张雅洁",NaN,NaN,NaN,NaN,NaN,NaN,NaN,"",NaN,1885
"30081613","李守峰",4,6.39,5.19,3.5,1.51,5.18,23.52,"混合型",5.16,1884
"30413764","祝建辉",NaN,NaN,NaN,NaN,NaN,NaN,NaN,"",NaN,1881
"30413768","袁曦",NaN,NaN,NaN,NaN,NaN,NaN,NaN,"",NaN,1881
"30413691","詹成",NaN,NaN,NaN,NaN,NaN,NaN,NaN,"",NaN,1880
"30396512","袁芳",NaN,NaN,NaN,NaN,NaN,NaN,NaN,"",NaN,1879
"30414339","卢玉珊",NaN,NaN,NaN,NaN,NaN,NaN,NaN,"",NaN,1879
"30138925","黄春逢",4.26,6.37,10,0.98,1.19,3.38,27.87,"混合型",5.15,1879
"30408547","涂海强",NaN,NaN,NaN,NaN,NaN,NaN,NaN,"",NaN,1879
"30414349","邹欣",NaN,NaN,NaN,NaN,NaN,NaN,NaN,"",NaN,1878
"30171108","何奇",3.76,6.36,4.64,0.35,3.47,6.78,5.27,"混合型",2.57,1876
"30296744","王慧杰",NaN,NaN,NaN,NaN,NaN,NaN,NaN,"",NaN,1876
"30166192","许文波",5.51,6.4,7.06,4.49,3.18,8.24,15.06,"债券型",2.32,1875
"30072002","张俊生",NaN,6.32,NaN,4.67,NaN,NaN,41.21,"混合型",2.57,1874
"30439357","蔡晓",NaN,NaN,NaN,NaN,NaN,NaN,NaN,"",NaN,1874
"30142052","刘荟",NaN,5.83,NaN,7.78,7.64,10,13.49,"股票型",5.13,1874
"30414880","陈正宪",NaN,NaN,NaN,NaN,NaN,NaN,NaN,"",NaN,1873
"30132405","楼华锋",NaN,6.3,NaN,4.7,8.74,1.99,11.91,"混合型",5.13,1872
"30055544","章海默",5.28,7.27,0.51,0.78,9.2,9.24,14.85,"指数型",2.56,1870
"30420110","张铮烁",NaN,NaN,NaN,NaN,NaN,NaN,NaN,"",NaN,1870
"30418584","王辉良",NaN,NaN,NaN,NaN,NaN,NaN,NaN,"",NaN,1870
"30362100","王婷婷",NaN,NaN,NaN,NaN,NaN,NaN,NaN,"",NaN,1868
"30309957","雷俊",NaN,NaN,NaN,NaN,NaN,NaN,NaN,"",NaN,1865
"30414345","赵慧",NaN,NaN,NaN,NaN,NaN,NaN,NaN,"",NaN,1865
"30176296","陈曙亮",NaN,NaN,NaN,NaN,NaN,NaN,3.83,"",2.55,1864
"30309951","王滨",NaN,NaN,NaN,NaN,NaN,NaN,NaN,"",NaN,1861
"30421731","韩威俊",NaN,NaN,NaN,NaN,NaN,NaN,NaN,"",NaN,1858
"30422139","孙伟",NaN,NaN,NaN,NaN,NaN,NaN,NaN,"",NaN,1856
"30422103","韩冬",NaN,NaN,NaN,NaN,NaN,NaN,NaN,"",NaN,1856
"30422170","秦绪文",NaN,NaN,NaN,NaN,NaN,NaN,NaN,"",NaN,1856
"30422324","王莉",NaN,NaN,NaN,NaN,NaN,NaN,NaN,"",NaN,1856
"30124776","王曼",NaN,NaN,NaN,NaN,NaN,NaN,NaN,"",NaN,1851
"30362195","程桯",NaN,NaN,NaN,NaN,NaN,NaN,NaN,"",NaN,1850
"30200584","邱世磊",NaN,NaN,NaN,NaN,NaN,NaN,NaN,"",NaN,1849
"30424662","蔡若林",NaN,NaN,NaN,NaN,NaN,NaN,NaN,"",NaN,1848
"30426853","谭小兵",NaN,NaN,NaN,NaN,NaN,NaN,NaN,"",NaN,1844
"30414986","黄文倩",NaN,NaN,NaN,NaN,NaN,NaN,NaN,"",NaN,1844
"30276449","吴渭",NaN,NaN,NaN,NaN,NaN,NaN,NaN,"",NaN,1844
"30418539","茅炜",NaN,NaN,NaN,NaN,NaN,NaN,NaN,"",NaN,1844
"30190658","李丹",5.96,6.21,7,1.58,8.28,7.72,11.2,"混合型",5.05,1844
"30425907","李崟",NaN,NaN,NaN,NaN,NaN,NaN,NaN,"",NaN,1844
"30298830","莫华寅",NaN,NaN,NaN,NaN,NaN,NaN,NaN,"",NaN,1844
"30414609","翟云飞",NaN,NaN,NaN,NaN,NaN,NaN,NaN,"",NaN,1843
"30284714","王安良",NaN,NaN,NaN,NaN,NaN,NaN,NaN,"",NaN,1843
"30427861","范琨",NaN,NaN,NaN,NaN,NaN,NaN,NaN,"",NaN,1842
"30428547","王斌",NaN,NaN,NaN,NaN,NaN,NaN,NaN,"",NaN,1841
"30428546","孙慧",NaN,NaN,NaN,NaN,NaN,NaN,NaN,"",NaN,1841
"30428548","裴禹翔",NaN,NaN,NaN,NaN,NaN,NaN,NaN,"",NaN,1841
"30428544","许强",NaN,NaN,NaN,NaN,NaN,NaN,NaN,"",NaN,1841
"30180167","洪慧梅",2.92,8.19,0.16,1.5,1.1,9.66,3.75,"债券型",2.52,1841
"30336833","邬炜",NaN,NaN,NaN,NaN,NaN,NaN,NaN,"",NaN,1833
"30107638","聂世林",NaN,NaN,NaN,NaN,NaN,NaN,NaN,"",NaN,1829
"30429976","是星涛",NaN,NaN,NaN,NaN,NaN,NaN,NaN,"",NaN,1827
"30358022","栾江伟",NaN,NaN,NaN,NaN,NaN,NaN,NaN,"",NaN,1821
"30490440","张翔",NaN,NaN,NaN,NaN,NaN,NaN,NaN,"",NaN,1818
"30406251","张宇帆",NaN,NaN,NaN,NaN,NaN,NaN,NaN,"",NaN,1817
"30072644","提云涛",NaN,NaN,NaN,NaN,NaN,NaN,NaN,"",NaN,1816
"30432539","李邦长",NaN,NaN,NaN,NaN,NaN,NaN,NaN,"",NaN,1816
"30424660","苏炫纲",NaN,NaN,NaN,NaN,NaN,NaN,NaN,"",NaN,1815
"30411926","王海峰",NaN,NaN,NaN,NaN,NaN,NaN,NaN,"",NaN,1814
"30389348","栾超",NaN,NaN,NaN,NaN,NaN,NaN,NaN,"",NaN,1812
"30435243","李晓彬",NaN,NaN,NaN,NaN,NaN,NaN,NaN,"",NaN,1811
"30435557","归凯",NaN,NaN,NaN,NaN,NaN,NaN,NaN,"",NaN,1808
"30435856","马翔",NaN,NaN,NaN,NaN,NaN,NaN,NaN,"",NaN,1807
"30355271","张旭",NaN,NaN,NaN,NaN,NaN,NaN,NaN,"",NaN,1803
"30301235","陈乐华",NaN,NaN,NaN,NaN,NaN,NaN,NaN,"",NaN,1802
"30436500","翟秀华",NaN,NaN,NaN,NaN,NaN,NaN,NaN,"",NaN,1801
"30436998","席行懿",NaN,NaN,NaN,NaN,NaN,NaN,NaN,"",NaN,1800
"30437326","吴萍萍",NaN,NaN,NaN,NaN,NaN,NaN,NaN,"",NaN,1797
"30430634","杨宇俊",NaN,NaN,NaN,NaN,NaN,NaN,NaN,"",NaN,1795
"30429665","任翀",NaN,NaN,NaN,NaN,NaN,NaN,NaN,"",NaN,1795
"30437752","刘珈吟",NaN,NaN,NaN,NaN,NaN,NaN,NaN,"",NaN,1794
"30277897","赵强",NaN,NaN,NaN,NaN,NaN,NaN,NaN,"",NaN,1794
"30273157","祝鸿玲",NaN,NaN,NaN,NaN,NaN,NaN,NaN,"",NaN,1794
"30438442","陈璇淼",NaN,NaN,NaN,NaN,NaN,NaN,NaN,"",NaN,1789
"30438690","林乐峰",NaN,NaN,NaN,NaN,NaN,NaN,NaN,"",NaN,1788
"30438881","孙晟",NaN,NaN,NaN,NaN,NaN,NaN,NaN,"",NaN,1788
"30438880","潘龙玲",NaN,NaN,NaN,NaN,NaN,NaN,NaN,"",NaN,1788
"30441407","胡昕炜",NaN,NaN,NaN,NaN,NaN,NaN,NaN,"",NaN,1779
"30442453","袁玮",NaN,NaN,NaN,NaN,NaN,NaN,NaN,"",NaN,1776
"30442108","林铮",NaN,NaN,NaN,NaN,NaN,NaN,NaN,"",NaN,1776
"30442435","童立",NaN,NaN,NaN,NaN,NaN,NaN,NaN,"",NaN,1775
"30442423","彭欣杨",NaN,NaN,NaN,NaN,NaN,NaN,NaN,"",NaN,1775
"30320406","王颂",NaN,NaN,NaN,NaN,NaN,NaN,NaN,"",NaN,1773
"30443778","李捷",NaN,NaN,NaN,NaN,NaN,NaN,NaN,"",NaN,1772
"30444047","邱璟旻",NaN,NaN,NaN,NaN,NaN,NaN,NaN,"",NaN,1767
"30444432","李武群",NaN,NaN,NaN,NaN,NaN,NaN,NaN,"",NaN,1767
"30444046","陈威霖",NaN,NaN,NaN,NaN,NaN,NaN,NaN,"",NaN,1767
"30445353","吴迪",NaN,NaN,NaN,NaN,NaN,NaN,NaN,"",NaN,1766
"30444857","谢芝兰",NaN,NaN,NaN,NaN,NaN,NaN,NaN,"",NaN,1765
"30334871","董理",NaN,NaN,NaN,NaN,NaN,NaN,NaN,"",NaN,1763
"30335470","李宁",NaN,NaN,NaN,NaN,NaN,NaN,NaN,"",NaN,1760
"30324935","杨旭",NaN,NaN,NaN,NaN,NaN,NaN,NaN,"",NaN,1760
"30447681","史程",NaN,NaN,NaN,NaN,NaN,NaN,NaN,"",NaN,1759
"30199901","苏昌景",NaN,NaN,NaN,NaN,NaN,NaN,NaN,"",NaN,1758
"30447865","姚志鹏",NaN,NaN,NaN,NaN,NaN,NaN,NaN,"",NaN,1757
"30387648","徐超",NaN,NaN,NaN,NaN,NaN,NaN,NaN,"",NaN,1754
"30442421","韩林",NaN,NaN,NaN,NaN,NaN,NaN,NaN,"",NaN,1753
"30396510","魏丽",NaN,NaN,NaN,NaN,NaN,NaN,NaN,"",NaN,1753
"30300710","陈甄璞",NaN,NaN,NaN,NaN,NaN,NaN,NaN,"",NaN,1752
"30435735","何谦",NaN,NaN,NaN,NaN,NaN,NaN,NaN,"",NaN,1751
"30272942","吴鹏飞",NaN,NaN,NaN,NaN,NaN,NaN,NaN,"",NaN,1751
"30366471","成曦",NaN,NaN,NaN,NaN,NaN,NaN,NaN,"",NaN,1750
"30411932","刘田",NaN,NaN,NaN,NaN,NaN,NaN,NaN,"",NaN,1749
"30069760","赵梅玲",NaN,NaN,NaN,NaN,NaN,NaN,NaN,"",NaN,1747
"30132859","夏钦",NaN,NaN,NaN,NaN,NaN,NaN,NaN,"",NaN,1746
"30324911","白海峰",NaN,NaN,NaN,NaN,NaN,NaN,NaN,"",NaN,1744
"30283608","王涛",NaN,NaN,NaN,NaN,NaN,NaN,NaN,"",NaN,1744
"30073898","王靖",2.31,6.17,0,6.01,0.29,0.99,3.6,"货币型",1.59,1744
"30297652","乔春",NaN,NaN,NaN,NaN,NaN,NaN,NaN,"",NaN,1742
"30325149","任相栋",NaN,NaN,NaN,NaN,NaN,NaN,NaN,"",NaN,1741
"30405173","柯海东",NaN,NaN,NaN,NaN,NaN,NaN,NaN,"",NaN,1737
"30162669","李化松",NaN,5.82,NaN,7.17,NaN,NaN,58.24,"混合型",2.38,1737
"30458687","赵楠",NaN,NaN,NaN,NaN,NaN,NaN,NaN,"",NaN,1732
"30458700","易芳菲",NaN,NaN,NaN,NaN,NaN,NaN,NaN,"",NaN,1732
"30459972","黄海浩",NaN,NaN,NaN,NaN,NaN,NaN,NaN,"",NaN,1732
"30382326","郭堃",NaN,NaN,NaN,NaN,NaN,NaN,NaN,"",NaN,1731
"30430383","张金涛",NaN,NaN,NaN,NaN,NaN,NaN,NaN,"",NaN,1730
"30459973","刘涛",NaN,NaN,NaN,NaN,NaN,NaN,NaN,"",NaN,1730
"30466640","周寒颖",NaN,NaN,NaN,NaN,NaN,NaN,NaN,"",NaN,1723
"30446441","赵鹏飞",NaN,NaN,NaN,NaN,NaN,NaN,NaN,"",NaN,1723
"30466653","关山",NaN,NaN,NaN,NaN,NaN,NaN,NaN,"",NaN,1723
"30195116","姚飞军",6.56,5.26,4.1,7.97,8.36,6.39,10.58,"混合型",4.2,1723
"30432062","余昊",NaN,NaN,NaN,NaN,NaN,NaN,NaN,"",NaN,1719
"30080491","孟亚强",NaN,NaN,NaN,NaN,NaN,NaN,NaN,"",NaN,1719
"30467316","郑涛",NaN,NaN,NaN,NaN,NaN,NaN,NaN,"",NaN,1719
"30467903","梁杏",NaN,5.14,NaN,2.48,0.17,1.96,15.37,"混合型",4.13,1718
"30467905","李海",NaN,NaN,NaN,NaN,NaN,NaN,NaN,"",NaN,1718
"30467936","李兵伟",NaN,NaN,NaN,NaN,NaN,NaN,NaN,"",NaN,1713
"30081438","李晨辉",3.51,5.71,0.84,4.65,1.28,8.85,18.99,"混合型",4.69,1713
"30176853","戴鹤忠",4.58,5.7,0.13,5.31,5.24,9.61,9.82,"混合型",4.68,1710
"30380513","徐达",NaN,NaN,NaN,NaN,NaN,NaN,NaN,"",NaN,1709
"30366278","陈龙",NaN,NaN,NaN,NaN,NaN,NaN,NaN,"",NaN,1707
"30469693","单文",NaN,NaN,NaN,NaN,NaN,NaN,NaN,"",NaN,1704
"30042839","杜晓海",NaN,6.43,NaN,7.57,NaN,NaN,13.3,"债券型",4.67,1704
"30405171","许燕",NaN,NaN,NaN,NaN,NaN,NaN,NaN,"",NaN,1703
"30073012","蒋鑫",5.39,5.68,8.72,2.61,4.12,6.51,20.39,"混合型",4.66,1702
"30469606","金笑非",NaN,NaN,NaN,NaN,NaN,NaN,NaN,"",NaN,1702
"30474714","薛玲",NaN,NaN,NaN,NaN,NaN,NaN,NaN,"",NaN,1692
"30474681","方旭赟",NaN,NaN,NaN,NaN,NaN,NaN,NaN,"",NaN,1691
"30081599","季文华",NaN,5.63,NaN,2.71,6.42,4.35,18.6,"混合型",2.31,1684
"30331914","高宇",NaN,NaN,NaN,NaN,NaN,NaN,NaN,"",NaN,1684
"30129488","石玉",NaN,NaN,NaN,NaN,NaN,NaN,NaN,"",NaN,1680
"30353691","张荣",NaN,NaN,NaN,NaN,NaN,NaN,NaN,"",NaN,1678
"30080853","神爱前",1.45,4.79,0,1.29,1.72,0.81,16.36,"混合型",3.66,1677
"30476652","刘思",NaN,NaN,NaN,NaN,NaN,NaN,NaN,"",NaN,1677
"30476984","郭晓林",NaN,NaN,NaN,NaN,NaN,NaN,NaN,"",NaN,1676
"30476645","张永超",NaN,NaN,NaN,NaN,NaN,NaN,NaN,"",NaN,1676
"30477254","张靖爽",NaN,NaN,NaN,NaN,NaN,NaN,NaN,"",NaN,1674
"30476895","曾雪兰",NaN,NaN,NaN,NaN,NaN,NaN,NaN,"",NaN,1674
"30476996","李欣",NaN,NaN,NaN,NaN,NaN,NaN,NaN,"",NaN,1673
"30477247","张东一",NaN,NaN,NaN,NaN,NaN,NaN,NaN,"",NaN,1670
"30477284","宋璐",NaN,NaN,NaN,NaN,NaN,NaN,NaN,"",NaN,1670
"30349733","张燕",NaN,NaN,NaN,NaN,NaN,NaN,NaN,"",NaN,1670
"30477712","丁玥",NaN,NaN,NaN,NaN,NaN,NaN,NaN,"",NaN,1670
"30477723","王智伟",NaN,NaN,NaN,NaN,NaN,NaN,NaN,"",NaN,1670
"30437761","吴旅忠",NaN,NaN,NaN,NaN,NaN,NaN,NaN,"",NaN,1670
"30475291","赵鹏程",NaN,NaN,NaN,NaN,NaN,NaN,NaN,"",NaN,1669
"30675544","何江",NaN,NaN,NaN,NaN,NaN,NaN,NaN,"",NaN,1669
"30478225","静鹏",NaN,NaN,NaN,NaN,NaN,NaN,NaN,"",NaN,1669
"30284720","杨淳",NaN,NaN,NaN,NaN,NaN,NaN,NaN,"",NaN,1669
"30193079","杨贵宾",NaN,6.34,NaN,2.6,NaN,NaN,5.03,"债券型",2.29,1669
"30286162","杨琨",NaN,NaN,NaN,NaN,NaN,NaN,NaN,"",NaN,1667
"30386910","黄俊",NaN,NaN,NaN,NaN,NaN,NaN,NaN,"",NaN,1667
"30480874","柳世庆",NaN,NaN,NaN,NaN,NaN,NaN,NaN,"",NaN,1663
"30301377","杨伟",NaN,NaN,NaN,NaN,NaN,NaN,NaN,"",NaN,1662
"30483469","李佳亮",NaN,NaN,NaN,NaN,NaN,NaN,NaN,"",NaN,1660
"30483038","王美芹",NaN,NaN,NaN,NaN,NaN,NaN,NaN,"",NaN,1660
"30141667","孔令超",4.63,6.27,3.14,5.07,6.01,2.36,8.26,"债券型",4.55,1660
"30483220","姚臻",NaN,NaN,NaN,NaN,NaN,NaN,NaN,"",NaN,1660
"30483498","陈会荣",NaN,4.86,NaN,3.15,4.8,2.29,11.7,"混合型",3.92,1659
"30423181","程卓",NaN,NaN,NaN,NaN,NaN,NaN,NaN,"",NaN,1654
"30287646","张玉坤",NaN,NaN,NaN,NaN,NaN,NaN,NaN,"",NaN,1649
"30484800","苗婷",NaN,NaN,NaN,NaN,NaN,NaN,NaN,"",NaN,1649
"30484796","刘大巍",NaN,NaN,NaN,NaN,NaN,NaN,NaN,"",NaN,1648
"30341628","黄维",NaN,NaN,NaN,NaN,NaN,NaN,NaN,"",NaN,1647
"30457855","敬夏玺",NaN,NaN,NaN,NaN,NaN,NaN,NaN,"",NaN,1647
"30398823","杨桢霄",NaN,NaN,NaN,NaN,NaN,NaN,NaN,"",NaN,1645
"30443014","陈志华",NaN,NaN,NaN,NaN,NaN,NaN,NaN,"",NaN,1643
"30442797","路龙凯",NaN,NaN,NaN,NaN,NaN,NaN,NaN,"",NaN,1642
"30486542","许炎",NaN,NaN,NaN,NaN,NaN,NaN,NaN,"",NaN,1641
"30063126","乔培涛",NaN,NaN,NaN,NaN,NaN,NaN,NaN,"",NaN,1641
"30167007","陈振宇",5.74,5.49,6.86,6.74,5.25,2.71,40.07,"混合型",4.5,1641
"30379014","张栓伟",NaN,NaN,NaN,NaN,NaN,NaN,NaN,"",NaN,1641
"30181965","何晶",NaN,6.13,NaN,1.85,NaN,NaN,8.15,"债券型",1.44,1640
"30486557","万民远",NaN,NaN,NaN,NaN,NaN,NaN,NaN,"",NaN,1639
"30486543","蒋磊",NaN,NaN,NaN,NaN,NaN,NaN,NaN,"",NaN,1639
"30422786","庞世恩",NaN,NaN,NaN,NaN,NaN,NaN,NaN,"",NaN,1639
"30384402","余红",NaN,NaN,NaN,NaN,NaN,NaN,NaN,"",NaN,1638
"30487150","刘辉",NaN,NaN,NaN,NaN,NaN,NaN,NaN,"",NaN,1636
"30487362","黄晓鹏",NaN,NaN,NaN,NaN,NaN,NaN,NaN,"",NaN,1634
"30487957","谭冬寒",NaN,NaN,NaN,NaN,NaN,NaN,NaN,"",NaN,1632
"30487956","陈桂都",NaN,NaN,NaN,NaN,NaN,NaN,NaN,"",NaN,1632
"30489618","何家琪",NaN,NaN,NaN,NaN,NaN,NaN,NaN,"",NaN,1629
"30489581","曾婷婷",NaN,NaN,NaN,NaN,NaN,NaN,NaN,"",NaN,1629
"30347619","祁洁萍",NaN,NaN,NaN,NaN,NaN,NaN,NaN,"",NaN,1629
"30488449","岳帅",NaN,NaN,NaN,NaN,NaN,NaN,NaN,"",NaN,1628
"30488455","潘飞",NaN,NaN,NaN,NaN,NaN,NaN,NaN,"",NaN,1628
"30489319","贾仁栋",NaN,NaN,NaN,NaN,NaN,NaN,NaN,"",NaN,1627
"30480770","王凯",NaN,NaN,NaN,NaN,NaN,NaN,NaN,"",NaN,1627
"30438312","赵世宏",NaN,NaN,NaN,NaN,NaN,NaN,NaN,"",NaN,1624
"30493595","张剑峰",NaN,NaN,NaN,NaN,NaN,NaN,NaN,"",NaN,1615
"30493590","姚璐伟",NaN,NaN,NaN,NaN,NaN,NaN,NaN,"",NaN,1615
"30493843","陈小鹭",NaN,NaN,NaN,NaN,NaN,NaN,NaN,"",NaN,1612
"30366472","官泽帆",NaN,NaN,NaN,NaN,NaN,NaN,NaN,"",NaN,1610
"30484804","徐占杰",NaN,NaN,NaN,NaN,NaN,NaN,NaN,"",NaN,1608
"30494817","林念",NaN,NaN,NaN,NaN,NaN,NaN,NaN,"",NaN,1607
"30495105","蒋娜",NaN,NaN,NaN,NaN,NaN,NaN,NaN,"",NaN,1605
"30292336","李富强",NaN,NaN,NaN,NaN,NaN,NaN,NaN,"",NaN,1605
"30181751","刘晨",NaN,5.58,NaN,3.62,NaN,NaN,20.95,"混合型",1.47,1605
"30072068","晏青",NaN,5.39,NaN,5.65,NaN,NaN,51.74,"混合型",2.19,1601
"30446055","陆海燕",NaN,NaN,NaN,NaN,NaN,NaN,NaN,"",NaN,1598
"30302470","卢扬",NaN,NaN,NaN,NaN,NaN,NaN,NaN,"",NaN,1592
"30500367","吴胤希",NaN,NaN,NaN,NaN,NaN,NaN,NaN,"",NaN,1590
"30500129","李进",NaN,NaN,NaN,NaN,NaN,NaN,NaN,"",NaN,1589
"30493964","漆志伟",NaN,NaN,NaN,NaN,NaN,NaN,NaN,"",NaN,1587
"30283513","白冰洋",NaN,NaN,NaN,NaN,NaN,NaN,NaN,"",NaN,1586
"30066552","冯明远",NaN,4.65,NaN,6.53,3.75,8.06,32.59,"股票型",4.34,1585
"30485180","戴骏",NaN,NaN,NaN,NaN,NaN,NaN,NaN,"",NaN,1584
"30500903","周飞",NaN,NaN,NaN,NaN,NaN,NaN,NaN,"",NaN,1584
"30501169","金晟哲",NaN,NaN,NaN,NaN,NaN,NaN,NaN,"",NaN,1580
"30137673","李游",NaN,4.63,NaN,0.73,2.57,6.98,40.59,"股票型",4.3,1571
"30505081","王祥",NaN,NaN,NaN,NaN,NaN,NaN,NaN,"",NaN,1571
"30505265","张倩",NaN,NaN,NaN,NaN,NaN,NaN,NaN,"",NaN,1568
"30505450","黄志翔",NaN,NaN,NaN,NaN,NaN,NaN,NaN,"",NaN,1566
"30495360","程彧",NaN,NaN,NaN,NaN,NaN,NaN,NaN,"",NaN,1563
"30493972","王丽军",NaN,NaN,NaN,NaN,NaN,NaN,NaN,"",NaN,1562
"30357471","陈利",NaN,NaN,NaN,NaN,NaN,NaN,NaN,"",NaN,1562
"30506556","刘心任",NaN,NaN,NaN,NaN,NaN,NaN,NaN,"",NaN,1558
"30506712","刘志辉",NaN,NaN,NaN,NaN,NaN,NaN,NaN,"",NaN,1556
"30506861","李德辉",NaN,NaN,NaN,NaN,NaN,NaN,NaN,"",NaN,1555
"30506862","宋洋",NaN,NaN,NaN,NaN,NaN,NaN,NaN,"",NaN,1555
"30507477","盛丰衍",NaN,NaN,NaN,NaN,NaN,NaN,NaN,"",NaN,1549
"30507642","李晨",NaN,NaN,NaN,NaN,NaN,NaN,NaN,"",NaN,1548
"30507020","仇秉则",NaN,NaN,NaN,NaN,NaN,NaN,NaN,"",NaN,1541
"30510278","姚爽",NaN,NaN,NaN,NaN,NaN,NaN,NaN,"",NaN,1540
"30510847","桑劲乔",NaN,NaN,NaN,NaN,NaN,NaN,NaN,"",NaN,1537
"30511328","刘铭",NaN,NaN,NaN,NaN,NaN,NaN,NaN,"",NaN,1534
"30511444","王啸",NaN,NaN,NaN,NaN,NaN,NaN,NaN,"",NaN,1534
"30511437","杜才超",NaN,NaN,NaN,NaN,NaN,NaN,NaN,"",NaN,1534
"30512489","鲁邦旺",NaN,NaN,NaN,NaN,NaN,NaN,NaN,"",NaN,1528
"30512490","纪青",NaN,NaN,NaN,NaN,NaN,NaN,NaN,"",NaN,1527
"30283599","周余",NaN,NaN,NaN,NaN,NaN,NaN,NaN,"",NaN,1527
"30512487","张淑婉",NaN,NaN,NaN,NaN,NaN,NaN,NaN,"",NaN,1527
"30138293","缪玮彬",NaN,5.25,NaN,8.52,5.17,3.59,6.58,"混合型",4.18,1527
"30568966","蔡耀华",NaN,NaN,NaN,NaN,NaN,NaN,NaN,"",NaN,1527
"30512488","苏卿云",NaN,NaN,NaN,NaN,NaN,NaN,NaN,"",NaN,1524
"30397558","张崴",NaN,NaN,NaN,NaN,NaN,NaN,NaN,"",NaN,1522
"30356637","徐觅",NaN,NaN,NaN,NaN,NaN,NaN,NaN,"",NaN,1522
"30513369","张汉毅",NaN,NaN,NaN,NaN,NaN,NaN,NaN,"",NaN,1520
"30485361","范磊",NaN,NaN,NaN,NaN,NaN,NaN,NaN,"",NaN,1520
"30064183","卞亚军",NaN,NaN,7.44,1.37,1.37,2.78,9.17,"混合型",1.39,1520
"30506386","张城源",NaN,NaN,NaN,NaN,NaN,NaN,NaN,"",NaN,1517
"30514458","高永",NaN,NaN,NaN,NaN,NaN,NaN,NaN,"",NaN,1516
"30514243","袁维德",NaN,NaN,NaN,NaN,NaN,NaN,NaN,"",NaN,1515
"30514248","李振宇",NaN,NaN,NaN,NaN,NaN,NaN,NaN,"",NaN,1515
"30325197","谢东旭",NaN,NaN,NaN,NaN,NaN,NaN,NaN,"",NaN,1514
"30514363","吴潇",NaN,NaN,NaN,NaN,NaN,NaN,NaN,"",NaN,1514
"30494277","肖觅",NaN,NaN,NaN,NaN,NaN,NaN,NaN,"",NaN,1514
"30514362","房雷",NaN,NaN,NaN,NaN,NaN,NaN,NaN,"",NaN,1514
"30517853","陆莹",NaN,NaN,NaN,NaN,NaN,NaN,NaN,"",NaN,1514
"30514820","俞晓斌",NaN,NaN,NaN,NaN,NaN,NaN,NaN,"",NaN,1513
"30131012","王奇玮",NaN,5.15,NaN,3.38,1.01,3.69,38.22,"混合型",4.14,1512
"30515278","高远",NaN,NaN,NaN,NaN,NaN,NaN,NaN,"",NaN,1509
"30362245","张晓南",NaN,NaN,NaN,NaN,NaN,NaN,NaN,"",NaN,1509
"30516946","姚姣姣",NaN,NaN,NaN,NaN,NaN,NaN,NaN,"",NaN,1508
"30515277","雷志强",NaN,NaN,NaN,NaN,NaN,NaN,NaN,"",NaN,1508
"30516944","肖瑞瑾",NaN,NaN,NaN,NaN,NaN,NaN,NaN,"",NaN,1507
"30130480","林柏川",NaN,5.14,NaN,8.42,2.08,9.74,31.22,"混合型",4.13,1507
"30515274","朱建明",NaN,NaN,NaN,NaN,NaN,NaN,NaN,"",NaN,1507
"30192111","段玮婧",NaN,5.22,NaN,6.25,7.33,0.84,3.77,"货币型",4.13,1507
"30515780","张英",NaN,NaN,NaN,NaN,NaN,NaN,NaN,"",NaN,1507
"30516948","张帆",NaN,NaN,NaN,NaN,NaN,NaN,NaN,"",NaN,1506
"30516945","蔡卡尔",NaN,NaN,NaN,NaN,NaN,NaN,NaN,"",NaN,1506
"30516943","肖肖",NaN,NaN,NaN,NaN,NaN,NaN,NaN,"",NaN,1505
"30516947","杨琪",NaN,NaN,NaN,NaN,NaN,NaN,NaN,"",NaN,1505
"30516949","李可颖",NaN,NaN,NaN,NaN,NaN,NaN,NaN,"",NaN,1505
"30517490","国晓雯",NaN,NaN,NaN,NaN,NaN,NaN,NaN,"",NaN,1503
"30422375","常远",NaN,NaN,NaN,NaN,NaN,NaN,NaN,"",NaN,1503
"30080140","施同亮",NaN,NaN,NaN,NaN,NaN,NaN,NaN,"",NaN,1503
"30487477","王玉玺",NaN,NaN,NaN,NaN,NaN,NaN,NaN,"",NaN,1500
"30517952","苏燕青",NaN,NaN,NaN,NaN,NaN,NaN,NaN,"",NaN,1499
"30136601","李文宾",NaN,NaN,NaN,NaN,NaN,NaN,NaN,"",NaN,1498
"30040520","章劲",NaN,5.14,NaN,2.92,NaN,NaN,3.92,"货币型",2.05,1497
"30518527","戴杰",NaN,NaN,NaN,NaN,NaN,NaN,NaN,"",NaN,1495
"30518868","徐青",NaN,NaN,NaN,NaN,NaN,NaN,NaN,"",NaN,1493
"30519395","丁孙楠",NaN,NaN,NaN,NaN,NaN,NaN,NaN,"",NaN,1488
"30519593","李娜",NaN,NaN,NaN,NaN,NaN,NaN,NaN,"",NaN,1488
"30519597","郭建新",NaN,NaN,NaN,NaN,NaN,NaN,NaN,"",NaN,1488
"30521043","杨瑨",NaN,NaN,NaN,NaN,NaN,NaN,NaN,"",NaN,1487
"30519428","缪东航",NaN,NaN,NaN,NaN,NaN,NaN,NaN,"",NaN,1487
"30167602","李健伟",NaN,5.06,NaN,1.9,2.88,3.19,17.76,"混合型",4.07,1487
"30517949","周户",NaN,NaN,NaN,NaN,NaN,NaN,NaN,"",NaN,1487
"30519596","王琳",NaN,NaN,NaN,NaN,NaN,NaN,NaN,"",NaN,1487
"30518062","杜晓安",NaN,NaN,NaN,NaN,NaN,NaN,NaN,"",NaN,1487
"30519594","李炳智",NaN,NaN,NaN,NaN,NaN,NaN,NaN,"",NaN,1487
"30519713","李恒",NaN,NaN,NaN,NaN,NaN,NaN,NaN,"",NaN,1486
"30519612","林晶",NaN,NaN,NaN,NaN,NaN,NaN,NaN,"",NaN,1478
"30521045","徐成城",NaN,NaN,NaN,NaN,NaN,NaN,NaN,"",NaN,1478
"30040431","肖侃宁",NaN,NaN,NaN,NaN,NaN,NaN,24.56,"",2.02,1475
"30134064","刘冬",NaN,NaN,NaN,NaN,NaN,NaN,NaN,"--",NaN,1472
"30048234","王颖",NaN,NaN,NaN,NaN,NaN,NaN,NaN,"",NaN,1465
"30522128","王永明",NaN,NaN,NaN,NaN,NaN,NaN,NaN,"",NaN,1464
"30189437","周锦程",NaN,5.28,NaN,1.25,6.42,9.5,4.2,"债券型",3.76,1464
"30457852","刘心峰",NaN,NaN,NaN,NaN,NaN,NaN,NaN,"",NaN,1464
"30522130","刘晓",NaN,NaN,NaN,NaN,NaN,NaN,NaN,"",NaN,1463
"30358029","邱骏",NaN,NaN,NaN,NaN,NaN,NaN,NaN,"",NaN,1461
"30522485","黄玥",NaN,NaN,NaN,NaN,NaN,NaN,NaN,"",NaN,1460
"30522601","许健",NaN,NaN,NaN,NaN,NaN,NaN,NaN,"",NaN,1459
"30511701","张挺",NaN,NaN,NaN,NaN,NaN,NaN,NaN,"",NaN,1458
"30066592","赵若琼",NaN,NaN,NaN,NaN,NaN,NaN,NaN,"",NaN,1453
"30304732","侯梧",NaN,NaN,NaN,NaN,NaN,NaN,NaN,"",NaN,1452
"30407819","王翔",NaN,NaN,NaN,NaN,NaN,NaN,NaN,"",NaN,1451
"30523363","易祺坤",NaN,NaN,NaN,NaN,NaN,NaN,NaN,"",NaN,1451
"30130983","武磊",NaN,5.58,NaN,6.72,2.8,4.3,4.69,"债券型",3.98,1451
"30523356","张强",NaN,NaN,NaN,NaN,NaN,NaN,NaN,"",NaN,1449
"30200535","傅浩",NaN,NaN,NaN,NaN,NaN,NaN,NaN,"",NaN,1447
"30495643","周加文",NaN,NaN,NaN,NaN,NaN,NaN,NaN,"",NaN,1446
"30524321","王刚",NaN,NaN,NaN,NaN,NaN,NaN,NaN,"",NaN,1442
"30081221","滕越",NaN,NaN,NaN,NaN,NaN,NaN,NaN,"",NaN,1442
"30132625","蒲延杰",NaN,3.62,NaN,3.98,1.9,NaN,6.28,"债券型",1.95,1440
"30469080","唐雷",NaN,NaN,NaN,NaN,NaN,NaN,NaN,"",NaN,1439
"30524731","刘辉",NaN,NaN,NaN,NaN,NaN,NaN,NaN,"",NaN,1438
"30524734","吴文明",NaN,NaN,NaN,NaN,NaN,NaN,NaN,"",NaN,1438
"30132970","庄宇飞",NaN,4.47,NaN,9.32,2.59,6.04,1.81,"QDII",3.94,1437
"30524761","林昊",NaN,NaN,NaN,NaN,NaN,NaN,NaN,"",NaN,1436
"30524752","高文庆",NaN,NaN,NaN,NaN,NaN,NaN,NaN,"",NaN,1436
"30523334","王静",NaN,NaN,NaN,NaN,NaN,NaN,NaN,"",NaN,1433
"30525101","赵诣",NaN,NaN,NaN,NaN,NaN,NaN,NaN,"",NaN,1432
"30525085","张燕",NaN,NaN,NaN,NaN,NaN,NaN,NaN,"",NaN,1432
"30457859","赖庆鑫",NaN,NaN,NaN,NaN,NaN,NaN,NaN,"",NaN,1432
"30522355","尚烁徽",NaN,NaN,NaN,NaN,NaN,NaN,NaN,"",NaN,1429
"30525553","黄华",NaN,NaN,NaN,NaN,NaN,NaN,NaN,"",NaN,1429
"30525551","FAN BING(范冰)",NaN,NaN,NaN,NaN,NaN,NaN,NaN,"",NaN,1428
"30431736","魏孛",NaN,NaN,NaN,NaN,NaN,NaN,NaN,"",NaN,1425
"30475143","林静",NaN,NaN,NaN,NaN,NaN,NaN,NaN,"",NaN,1423
"30479077","刘杰",NaN,NaN,NaN,NaN,NaN,NaN,NaN,"",NaN,1423
"30526568","刘禹含",NaN,NaN,NaN,NaN,NaN,NaN,NaN,"",NaN,1422
"30070381","杨霞辉",NaN,4.81,NaN,5.76,3.05,2.47,6.94,"混合型",3.88,1417
"30167070","姜诚",5.74,4.8,6.08,7.72,1.76,9.98,32.68,"混合型",1.94,1416
"30527099","王衍胜",NaN,NaN,NaN,NaN,NaN,NaN,NaN,"",NaN,1416
"30527193","尹晓红",NaN,NaN,NaN,NaN,NaN,NaN,NaN,"",NaN,1414
"30527201","柴文婷",NaN,NaN,NaN,NaN,NaN,NaN,NaN,"",NaN,1412
"30527200","刘洋",NaN,NaN,NaN,NaN,NaN,NaN,NaN,"",NaN,1412
"30527363","谭丽",NaN,NaN,NaN,NaN,NaN,NaN,NaN,"",NaN,1411
"30063211","张西林",NaN,4.77,NaN,1.37,2.27,3.77,24.98,"混合型",3.86,1409
"30172457","余芽芳",NaN,3.62,NaN,9.33,9.94,1.48,10.05,"混合型",2.96,1409
"30528266","赵宗庭",NaN,NaN,NaN,NaN,NaN,NaN,NaN,"",NaN,1405
"30527985","张子法",NaN,NaN,NaN,NaN,NaN,NaN,NaN,"",NaN,1405
"30528543","陈怡",NaN,NaN,NaN,NaN,NaN,NaN,NaN,"",NaN,1403
"30528408","杨帆",NaN,NaN,NaN,NaN,NaN,NaN,NaN,"",NaN,1403
"30528404","霍华明",NaN,NaN,NaN,NaN,NaN,NaN,NaN,"",NaN,1402
"30523990","高欣",NaN,NaN,NaN,NaN,NaN,NaN,NaN,"",NaN,1402
"30528542","周宇",NaN,NaN,NaN,NaN,NaN,NaN,NaN,"",NaN,1401
"30529017","高钥群",NaN,NaN,NaN,NaN,NaN,NaN,NaN,"",NaN,1398
"30331589","薛显志",NaN,NaN,NaN,NaN,NaN,NaN,NaN,"",NaN,1395
"30435421","林翠萍",NaN,NaN,NaN,NaN,NaN,NaN,NaN,"",NaN,1389
"30531435","刘伟",NaN,NaN,NaN,NaN,NaN,NaN,NaN,"",NaN,1388
"30531436","王树丽",NaN,NaN,NaN,NaN,NaN,NaN,NaN,"",NaN,1388
"30531434","张明",NaN,NaN,NaN,NaN,NaN,NaN,NaN,"",NaN,1387
"30532044","孙丹",NaN,NaN,NaN,NaN,NaN,NaN,NaN,"",NaN,1384
"30081482","林开盛",NaN,4.59,NaN,6.66,2.59,9.67,17.67,"混合型",3.69,1383
"30511920","林高榜",NaN,NaN,NaN,NaN,NaN,NaN,NaN,"--",NaN,1381
"30132991","蓝小康",NaN,4.71,NaN,5.16,3.42,8.44,14.79,"混合型",3.78,1381
"30475846","李志",NaN,NaN,NaN,NaN,NaN,NaN,NaN,"",NaN,1377
"30535416","李峰",NaN,NaN,NaN,NaN,NaN,NaN,NaN,"",NaN,1377
"30534754","章潇枫",NaN,NaN,NaN,NaN,NaN,NaN,NaN,"",NaN,1377
"30534734","徐文卉",NaN,NaN,NaN,NaN,NaN,NaN,NaN,"",NaN,1376
"30535217","刘志刚",NaN,NaN,NaN,NaN,NaN,NaN,NaN,"",NaN,1375
"30132316","尹德才",NaN,NaN,NaN,NaN,NaN,NaN,NaN,"",NaN,1374
"30158291","张一甫",NaN,NaN,NaN,NaN,NaN,NaN,NaN,"",NaN,1370
"30538860","乔嘉麒",NaN,NaN,NaN,NaN,NaN,NaN,NaN,"",NaN,1366
"30141442","周紫光",NaN,4.66,NaN,0.6,2.68,0.81,20.6,"混合型",3.74,1365
"30518330","季新星",NaN,NaN,NaN,NaN,NaN,NaN,NaN,"",NaN,1364
"30342432","秦毅",NaN,NaN,NaN,NaN,NaN,NaN,NaN,"",NaN,1359
"30044283","杨爱斌",NaN,5.24,NaN,8.53,2.16,3.45,6.22,"债券型",3.72,1359
"30327736","吴西燕",NaN,NaN,NaN,NaN,NaN,NaN,NaN,"",NaN,1359
"30540233","王诗瑶",NaN,NaN,NaN,NaN,NaN,NaN,NaN,"",NaN,1356
"30541989","甘传琦",NaN,NaN,NaN,NaN,NaN,NaN,NaN,"",NaN,1356
"30302515","陈佳昀",NaN,NaN,NaN,NaN,NaN,NaN,NaN,"",NaN,1356
"30540447","辇大吉",NaN,NaN,NaN,NaN,NaN,NaN,NaN,"",NaN,1356
"30485179","黄倩倩",NaN,NaN,NaN,NaN,NaN,NaN,NaN,"",NaN,1355
"30139111","肖芳芳",NaN,5.21,NaN,8.97,1.82,NaN,3.51,"债券型",3.71,1355
"30529020","郑泽鸿",NaN,NaN,NaN,NaN,NaN,NaN,NaN,"",NaN,1354
"30540448","吉莉",NaN,NaN,NaN,NaN,NaN,NaN,NaN,"",NaN,1354
"30510886","蒋佳良",NaN,NaN,NaN,NaN,NaN,NaN,NaN,"",NaN,1350
"30541469","王园园",NaN,NaN,NaN,NaN,NaN,NaN,NaN,"",NaN,1345
"30541348","张磊",NaN,NaN,NaN,NaN,NaN,NaN,NaN,"",NaN,1345
"30431211","王超伟",NaN,NaN,NaN,NaN,NaN,NaN,NaN,"",NaN,1345
"30040384","童国林",NaN,5.19,NaN,2.75,NaN,NaN,18.6,"债券型",1.84,1344
"30541660","林小聪",NaN,NaN,NaN,NaN,NaN,NaN,NaN,"",NaN,1342
"30541652","赵伟",NaN,NaN,NaN,NaN,NaN,NaN,NaN,"",NaN,1341
"30411187","肖世源",NaN,NaN,NaN,NaN,NaN,NaN,NaN,"",NaN,1340
"30541962","龙昌伦",NaN,NaN,NaN,NaN,NaN,NaN,NaN,"",NaN,1339
"30542080","徐涛国",NaN,NaN,NaN,NaN,NaN,NaN,NaN,"",NaN,1339
"30542081","杨俊",NaN,NaN,NaN,NaN,NaN,NaN,NaN,"",NaN,1338
"30542770","金拓",NaN,NaN,NaN,NaN,NaN,NaN,NaN,"",NaN,1334
"30080910","高勇标",NaN,5.18,NaN,3.6,1.93,NaN,3.05,"债券型",3.67,1334
"30542921","陆秋渊",NaN,NaN,NaN,NaN,NaN,NaN,NaN,"",NaN,1331
"30081345","郑如熙",NaN,NaN,NaN,NaN,NaN,NaN,NaN,"",NaN,1328
"30541661","崔思维",NaN,NaN,NaN,NaN,NaN,NaN,NaN,"",NaN,1325
"30340691","曹春林",NaN,NaN,NaN,NaN,NaN,NaN,NaN,"",NaN,1324
"30544303","吕晓蓉",NaN,NaN,NaN,NaN,NaN,NaN,NaN,"",NaN,1324
"30544440","先轲宇",NaN,NaN,NaN,NaN,NaN,NaN,NaN,"",NaN,1324
"30544439","何琦",NaN,NaN,NaN,NaN,NaN,NaN,NaN,"",NaN,1321
"30510298","沈宏伟",NaN,NaN,NaN,NaN,NaN,NaN,NaN,"",NaN,1319
"30544882","乔迁",NaN,NaN,NaN,NaN,NaN,NaN,NaN,"",NaN,1318
"30545317","汤志彦",NaN,NaN,NaN,NaN,NaN,NaN,NaN,"",NaN,1316
"30525554","杜磊",NaN,NaN,NaN,NaN,NaN,NaN,NaN,"",NaN,1315
"30487503","刘树荣",NaN,NaN,NaN,NaN,NaN,NaN,NaN,"",NaN,1313
"30546172","费逸",NaN,NaN,NaN,NaN,NaN,NaN,NaN,"",NaN,1312
"30546481","罗晓倩",NaN,NaN,NaN,NaN,NaN,NaN,NaN,"",NaN,1312
"30190176","倪文昊",NaN,NaN,NaN,NaN,NaN,NaN,NaN,"--",NaN,1308
"30072617","何翔",NaN,4.46,NaN,8.57,NaN,NaN,10.68,"混合型",3.58,1306
"30546820","蒋茜",NaN,NaN,NaN,NaN,NaN,NaN,NaN,"",NaN,1305
"30130644","梁皓",NaN,4.45,NaN,2.86,3.01,NaN,46.73,"混合型",3.58,1305
"30131758","吴昊",NaN,4.45,NaN,4.71,0.32,NaN,36.07,"混合型",3.58,1305
"30547037","陈恒",NaN,NaN,NaN,NaN,NaN,NaN,NaN,"",NaN,1305
"30547038","黄浩荣",NaN,NaN,NaN,NaN,NaN,NaN,NaN,"",NaN,1303
"30547650","金凌志",NaN,NaN,NaN,NaN,NaN,NaN,NaN,"",NaN,1303
"30549027","刘重晋",NaN,NaN,NaN,NaN,NaN,NaN,NaN,"",NaN,1298
"30162188","沈荣",NaN,NaN,NaN,NaN,NaN,NaN,NaN,"",NaN,1298
"30195071","聂毅翔",NaN,4.4,NaN,6.83,NaN,NaN,24.8,"混合型",3.55,1297
"30549228","彭炜",NaN,NaN,NaN,NaN,NaN,NaN,NaN,"",NaN,1295
"30283570","蔡丹",NaN,NaN,NaN,NaN,NaN,NaN,NaN,"",NaN,1295
"30130519","邓岳",NaN,4.19,NaN,3.37,3.52,NaN,26.53,"指数型",3.54,1293
"30070857","李杨",NaN,6.73,NaN,7.07,2.58,5.12,21.86,"混合型",2.71,1293
"30132238","严志勇",NaN,4.98,NaN,8.24,5.24,NaN,5.83,"债券型",3.54,1291
"30428941","吕文晔",NaN,NaN,NaN,NaN,NaN,NaN,NaN,"",NaN,1291
"30414756","陈钟闻",NaN,NaN,NaN,NaN,NaN,NaN,NaN,"",NaN,1290
"30063371","苏静然",NaN,4.36,NaN,0.37,1.85,NaN,16.37,"混合型",3.53,1289
"30549894","张露",NaN,NaN,NaN,NaN,NaN,NaN,NaN,"",NaN,1289
"30543135","吕佳玮",NaN,NaN,NaN,NaN,NaN,NaN,NaN,"",NaN,1289
"30544226","刘斐",NaN,NaN,NaN,NaN,NaN,NaN,NaN,"",NaN,1284
"30550178","周建树",NaN,NaN,NaN,NaN,NaN,NaN,NaN,"",NaN,1284
"30166843","董梁",NaN,NaN,NaN,NaN,NaN,NaN,NaN,"",NaN,1283
"30546588","宫志芳",NaN,NaN,NaN,NaN,NaN,NaN,NaN,"",NaN,1282
"30379533","侯昊",NaN,NaN,NaN,NaN,NaN,NaN,NaN,"",NaN,1278
"30550884","曾文宏",NaN,NaN,NaN,NaN,NaN,NaN,NaN,"",NaN,1277
"30551173","毕凯",NaN,NaN,NaN,NaN,NaN,NaN,NaN,"",NaN,1276
"30351522","刘榕俊",NaN,NaN,NaN,NaN,NaN,NaN,NaN,"",NaN,1276
"30549685","李博良",NaN,NaN,NaN,NaN,NaN,NaN,NaN,"",NaN,1276
"30550981","沈丹",NaN,NaN,NaN,NaN,NaN,NaN,NaN,"",NaN,1276
"30551983","金宏伟",NaN,NaN,NaN,NaN,NaN,NaN,NaN,"",NaN,1272
"30528262","高峥",NaN,NaN,NaN,NaN,NaN,NaN,NaN,"",NaN,1272
"30551982","顾宇笛",NaN,NaN,NaN,NaN,NaN,NaN,NaN,"",NaN,1271
"30552205","曾鸿",NaN,NaN,NaN,NaN,NaN,NaN,NaN,"",NaN,1270
"30553050","范洁",NaN,NaN,NaN,NaN,NaN,NaN,NaN,"",NaN,1264
"30553126","张棪",NaN,NaN,NaN,NaN,NaN,NaN,NaN,"",NaN,1263
"30544266","尹粒宇",NaN,NaN,NaN,NaN,NaN,NaN,NaN,"",NaN,1261
"30353764","龙悦芳",NaN,NaN,NaN,NaN,NaN,NaN,NaN,"",NaN,1261
"30553347","朱浩然",NaN,NaN,NaN,NaN,NaN,NaN,NaN,"",NaN,1261
"30335556","邓彬彬",NaN,NaN,NaN,NaN,NaN,NaN,NaN,"",NaN,1259
"30293812","刘凌云",NaN,NaN,NaN,NaN,NaN,NaN,NaN,"",NaN,1259
"30553955","倪莉莎",NaN,NaN,NaN,NaN,NaN,NaN,NaN,"",NaN,1257
"30171966","邹立虎",NaN,NaN,NaN,NaN,NaN,NaN,NaN,"",NaN,1255
"30349054","吴祖尧",NaN,NaN,NaN,NaN,NaN,NaN,NaN,"",NaN,1254
"30136600","张晓泉",3.35,4.24,2.07,2.81,6.06,0.65,37.4,"混合型",1.71,1251
"30493607","闫一帆",NaN,NaN,NaN,NaN,NaN,NaN,NaN,"",NaN,1251
"30555275","周琛",NaN,NaN,NaN,NaN,NaN,NaN,NaN,"",NaN,1247
"30073052","郭斐",NaN,NaN,NaN,NaN,NaN,NaN,NaN,"",NaN,1243
"30555339","张烨",NaN,NaN,NaN,NaN,NaN,NaN,NaN,"",NaN,1243
"30466799","吕姝仪",NaN,NaN,NaN,NaN,NaN,NaN,NaN,"",NaN,1243
"30552206","秦锋",NaN,NaN,NaN,NaN,NaN,NaN,NaN,"",NaN,1241
"30550885","刘腾",NaN,NaN,NaN,NaN,NaN,NaN,NaN,"",NaN,1241
"30275466","章椹元",NaN,NaN,NaN,NaN,NaN,NaN,NaN,"",NaN,1230
"30556142","刘敦",NaN,NaN,NaN,NaN,NaN,NaN,NaN,"",NaN,1229
"30557810","余斌",NaN,NaN,NaN,NaN,NaN,NaN,NaN,"",NaN,1223
"30137001","闫思倩",NaN,3.71,NaN,2.38,0.69,NaN,45.43,"股票型",3.35,1222
"30273368","易智泉",NaN,NaN,NaN,NaN,NaN,NaN,NaN,"",NaN,1222
"30557597","代云锋",NaN,NaN,NaN,NaN,NaN,NaN,NaN,"",NaN,1222
"30521976","付海宁",NaN,NaN,NaN,NaN,NaN,NaN,NaN,"",NaN,1222
"30557905","张略钊",NaN,NaN,NaN,NaN,NaN,NaN,NaN,"",NaN,1222
"30557903","龙宇飞",NaN,NaN,NaN,NaN,NaN,NaN,NaN,"",NaN,1221
"30558008","祝昱丰",NaN,NaN,NaN,NaN,NaN,NaN,NaN,"",NaN,1220
"30067607","刘冬",NaN,NaN,NaN,NaN,NaN,NaN,7.83,"",1.11,1216
"30197255","冯彬",NaN,NaN,NaN,NaN,NaN,NaN,NaN,"",NaN,1216
"30104147","林梦",NaN,NaN,NaN,NaN,NaN,NaN,NaN,"",NaN,1215
"30558335","李燕",NaN,NaN,NaN,NaN,NaN,NaN,NaN,"",NaN,1214
"30558665","张玮升",NaN,NaN,NaN,NaN,NaN,NaN,NaN,"",NaN,1212
"30131622","钱文礼",NaN,4.14,NaN,4.35,4.63,NaN,32.1,"混合型",3.32,1212
"30559048","张静",NaN,NaN,NaN,NaN,NaN,NaN,NaN,"",NaN,1212
"30559334","徐黄玮",NaN,NaN,NaN,NaN,NaN,NaN,NaN,"",NaN,1207
"30555109","王锐",NaN,NaN,NaN,NaN,NaN,NaN,NaN,"",NaN,1206
"30555108","梁珉",NaN,NaN,NaN,NaN,NaN,NaN,NaN,"",NaN,1206
"30555349","张晓龙",NaN,NaN,NaN,NaN,NaN,NaN,NaN,"",NaN,1206
"30339259","王亮",NaN,NaN,NaN,NaN,NaN,NaN,NaN,"",NaN,1205
"30563073","郑铮",NaN,NaN,NaN,NaN,NaN,NaN,NaN,"",NaN,1205
"30560380","闫晗",NaN,NaN,NaN,NaN,NaN,NaN,NaN,"",NaN,1205
"30560441","朱然",NaN,NaN,NaN,NaN,NaN,NaN,NaN,"",NaN,1201
"30560443","王鹏",NaN,NaN,NaN,NaN,NaN,NaN,NaN,"",NaN,1201
"30560440","周欣宇",NaN,NaN,NaN,NaN,NaN,NaN,NaN,"",NaN,1200
"30560444","方孝成",NaN,NaN,NaN,NaN,NaN,NaN,NaN,"",NaN,1200
"30560735","夏莹莹",NaN,NaN,NaN,NaN,NaN,NaN,NaN,"",NaN,1198
"30545614","梁辰",NaN,NaN,NaN,NaN,NaN,NaN,NaN,"",NaN,1196
"30092910","刘威",NaN,NaN,NaN,NaN,NaN,NaN,NaN,"",NaN,1196
"30396509","杨烨超",NaN,NaN,NaN,NaN,NaN,NaN,NaN,"",NaN,1193
"30432554","张鹏程",NaN,NaN,NaN,NaN,NaN,NaN,NaN,"",NaN,1192
"30176526","刘钊",NaN,NaN,9.15,1.91,2.65,1.4,41.17,"指数型",1.63,1192
"30165290","焦庆",NaN,NaN,NaN,NaN,NaN,NaN,NaN,"",NaN,1187
"30505449","马文文",NaN,NaN,NaN,NaN,NaN,NaN,NaN,"",NaN,1184
"30062904","任琳娜",NaN,NaN,NaN,NaN,NaN,NaN,NaN,"",NaN,1181
"30114331","方晗",NaN,NaN,NaN,NaN,NaN,NaN,NaN,"",NaN,1179
"30562327","杨涛",NaN,NaN,NaN,NaN,NaN,NaN,NaN,"",NaN,1179
"30558666","梁鹏",NaN,NaN,NaN,NaN,NaN,NaN,NaN,"",NaN,1177
"30543148","李明阳",NaN,NaN,NaN,NaN,NaN,NaN,NaN,"",NaN,1173
"30562988","钟贇",NaN,NaN,NaN,NaN,NaN,NaN,NaN,"",NaN,1172
"30563211","谭珏娜",NaN,NaN,NaN,NaN,NaN,NaN,NaN,"",NaN,1172
"30484801","黄诺楠",NaN,NaN,NaN,NaN,NaN,NaN,NaN,"",NaN,1171
"30036416","袁建军",NaN,NaN,NaN,NaN,NaN,NaN,33.35,"",3.2,1170
"30563849","李俊",NaN,NaN,NaN,NaN,NaN,NaN,NaN,"",NaN,1167
"30549683","刘明宇",NaN,NaN,NaN,NaN,NaN,NaN,NaN,"",NaN,1167
"30536593","郑慧莲",NaN,NaN,NaN,NaN,NaN,NaN,NaN,"",NaN,1166
"30563666","曲盛伟",NaN,NaN,NaN,NaN,NaN,NaN,NaN,"",NaN,1166
"30524724","骆海涛",NaN,NaN,NaN,NaN,NaN,NaN,NaN,"",NaN,1166
"30563848","胡尧盛",NaN,NaN,NaN,NaN,NaN,NaN,NaN,"",NaN,1166
"30131280","毛甜",NaN,3.55,NaN,6.11,NaN,NaN,11.95,"股票型",3.19,1166
"30456071","孙迪",NaN,NaN,NaN,NaN,NaN,NaN,NaN,"",NaN,1164
"30368716","韩浩",NaN,NaN,NaN,NaN,NaN,NaN,NaN,"",NaN,1164
"30431557","范泰奇",NaN,NaN,NaN,NaN,NaN,NaN,NaN,"",NaN,1164
"30564229","余科苗",NaN,NaN,NaN,NaN,NaN,NaN,NaN,"",NaN,1163
"30564304","李瑞",NaN,NaN,NaN,NaN,NaN,NaN,NaN,"",NaN,1163
"30062965","蔡宇滨",NaN,3.4,NaN,9.43,NaN,NaN,22.05,"股票型",3.18,1159
"30565214","金耀",NaN,NaN,NaN,NaN,NaN,NaN,NaN,"",NaN,1153
"30562202","成钧",NaN,NaN,NaN,NaN,NaN,NaN,NaN,"",NaN,1153
"30565435","李宜璇",NaN,NaN,NaN,NaN,NaN,NaN,NaN,"",NaN,1153
"30565418","师婧",NaN,NaN,NaN,NaN,NaN,NaN,NaN,"",NaN,1153
"30565164","李直",NaN,NaN,NaN,NaN,NaN,NaN,NaN,"",NaN,1152
"30565385","李君",NaN,NaN,NaN,NaN,NaN,NaN,NaN,"",NaN,1152
"30544265","曹进前",NaN,NaN,NaN,NaN,NaN,NaN,NaN,"",NaN,1152
"30079670","祁禾",NaN,NaN,NaN,NaN,NaN,NaN,NaN,"",NaN,1151
"30565420","曾豪",NaN,2.93,NaN,7.32,NaN,NaN,41.86,"混合型",2.43,1151
"30532811","杨嘉文",NaN,NaN,NaN,NaN,NaN,NaN,NaN,"",NaN,1151
"30402513","马斌博",NaN,NaN,NaN,NaN,NaN,NaN,NaN,"",NaN,1151
"30565377","顾钰",NaN,NaN,NaN,NaN,NaN,NaN,NaN,"",NaN,1151
"30564316","周志敏",NaN,NaN,NaN,NaN,NaN,NaN,NaN,"",NaN,1150
"30127401","张亦博",NaN,NaN,NaN,NaN,NaN,NaN,NaN,"",NaN,1150
"30282522","张竞",NaN,NaN,NaN,NaN,NaN,NaN,NaN,"",NaN,1149
"30474737","杨子江",NaN,NaN,NaN,NaN,NaN,NaN,NaN,"",NaN,1149
"30565730","王欢",NaN,NaN,NaN,NaN,NaN,NaN,NaN,"",NaN,1149
"30564992","陈乐",NaN,NaN,NaN,NaN,NaN,NaN,NaN,"",NaN,1148
"30560534","吴刚",NaN,NaN,NaN,NaN,NaN,NaN,NaN,"",NaN,1145
"30566572","应颖",NaN,NaN,NaN,NaN,NaN,NaN,NaN,"",NaN,1143
"30566586","王帅",NaN,NaN,NaN,NaN,NaN,NaN,NaN,"",NaN,1143
"30566688","张楠",NaN,NaN,NaN,NaN,NaN,NaN,NaN,"",NaN,1142
"30476138","夏妍妍",NaN,NaN,NaN,NaN,NaN,NaN,NaN,"",NaN,1142
"30566687","何博",NaN,NaN,NaN,NaN,NaN,NaN,NaN,"",NaN,1142
"30567188","张恒",NaN,NaN,NaN,NaN,NaN,NaN,NaN,"",NaN,1139
"30567145","陈令朝",NaN,NaN,NaN,NaN,NaN,NaN,NaN,"",NaN,1138
"30567244","成涛",NaN,NaN,NaN,NaN,NaN,NaN,NaN,"",NaN,1136
"30553353","汪伟",NaN,NaN,NaN,NaN,NaN,NaN,NaN,"",NaN,1135
"30553338","陶然",NaN,NaN,NaN,NaN,NaN,NaN,NaN,"",NaN,1134
"30567680","赵旭照",NaN,NaN,NaN,NaN,NaN,NaN,NaN,"",NaN,1132
"30567419","马韬",NaN,NaN,NaN,NaN,NaN,NaN,NaN,"",NaN,1132
"30567663","刘爱民",NaN,NaN,NaN,NaN,NaN,NaN,NaN,"",NaN,1132
"30567939","黄芳",NaN,NaN,NaN,NaN,NaN,NaN,NaN,"",NaN,1130
"30567865","刘盟盟",NaN,NaN,NaN,NaN,NaN,NaN,NaN,"",NaN,1129
"30567866","郭相博",NaN,NaN,NaN,NaN,NaN,NaN,NaN,"",NaN,1129
"30560442","刘宏毅",NaN,NaN,NaN,NaN,NaN,NaN,NaN,"",NaN,1129
"30568351","李昱",NaN,NaN,NaN,NaN,NaN,NaN,NaN,"",NaN,1124
"30568345","张媛",NaN,NaN,NaN,NaN,NaN,NaN,NaN,"",NaN,1124
"30564218","IKEDA KAE",NaN,NaN,NaN,NaN,NaN,NaN,NaN,"",NaN,1123
"30564217","罗雯",NaN,NaN,NaN,NaN,NaN,NaN,NaN,"",NaN,1123
"30568689","周博洋",NaN,NaN,NaN,NaN,NaN,NaN,NaN,"",NaN,1121
"30568690","苏利华",NaN,NaN,NaN,NaN,NaN,NaN,NaN,"",NaN,1121
"30568854","张波",NaN,NaN,NaN,NaN,NaN,NaN,NaN,"",NaN,1118
"30568688","黄婧丽",NaN,NaN,NaN,NaN,NaN,NaN,NaN,"",NaN,1118
"30568837","刘先政",NaN,NaN,NaN,NaN,NaN,NaN,NaN,"",NaN,1117
"30568960","蒋雯文",NaN,NaN,NaN,NaN,NaN,NaN,NaN,"",NaN,1117
"30568961","罗捷",NaN,NaN,NaN,NaN,NaN,NaN,NaN,"",NaN,1116
"30567966","胡宇飞",NaN,NaN,NaN,NaN,NaN,NaN,NaN,"",NaN,1115
"30164217","蔡青",NaN,NaN,NaN,NaN,NaN,NaN,NaN,"--",NaN,1115
"30569399","张沛",NaN,NaN,NaN,NaN,NaN,NaN,NaN,"",NaN,1114
"30072249","王海青",NaN,3.77,NaN,4.84,NaN,NaN,37.87,"混合型",3.05,1113
"30467898","冷文鹏",NaN,NaN,NaN,NaN,NaN,NaN,NaN,"",NaN,1113
"30569624","郑文旭",NaN,NaN,NaN,NaN,NaN,NaN,NaN,"",NaN,1110
"30568687","周咏梅",NaN,NaN,NaN,NaN,NaN,NaN,NaN,"",NaN,1110
"30569783","朱晨歌",NaN,NaN,NaN,NaN,NaN,NaN,NaN,"",NaN,1108
"30349451","孙亚超",NaN,NaN,NaN,NaN,NaN,NaN,NaN,"",NaN,1108
"30569884","黄斌斌",NaN,NaN,NaN,NaN,NaN,NaN,NaN,"",NaN,1107
"30569885","孟昊",NaN,NaN,NaN,NaN,NaN,NaN,NaN,"",NaN,1106
"30099536","郭睿",NaN,NaN,NaN,NaN,NaN,NaN,NaN,"",NaN,1105
"30570052","宋殿宇",NaN,NaN,NaN,NaN,NaN,NaN,NaN,"",NaN,1105
"30570420","周毅",NaN,NaN,NaN,NaN,NaN,NaN,NaN,"",NaN,1105
"30570050","宋海岸",NaN,NaN,NaN,NaN,NaN,NaN,NaN,"",NaN,1104
"30570026","陈瑶",NaN,NaN,NaN,NaN,NaN,NaN,NaN,"",NaN,1104
"30570244","吴超",NaN,NaN,NaN,NaN,NaN,NaN,NaN,"",NaN,1104
"30137724","观富钦",NaN,2.46,NaN,0.93,NaN,NaN,27.58,"股票型",3.02,1103
"30567056","陈健玮",NaN,NaN,NaN,NaN,NaN,NaN,NaN,"",NaN,1103
"30562709","王华",NaN,NaN,NaN,NaN,NaN,NaN,NaN,"",NaN,1103
"30166092","盛骅",NaN,3.72,NaN,6.29,NaN,NaN,42.43,"混合型",3.02,1102
